,Date,Day,status_country,counts
0,1/5/2015,289,Cases_Guinea,2776.0
1,1/4/2015,288,Cases_Guinea,2775.0
2,1/3/2015,287,Cases_Guinea,2769.0
3,1/2/2015,286,Cases_Guinea,
4,12/31/2014,284,Cases_Guinea,2730.0
5,12/28/2014,281,Cases_Guinea,2706.0
6,12/27/2014,280,Cases_Guinea,2695.0
7,12/24/2014,277,Cases_Guinea,2630.0
8,12/21/2014,273,Cases_Guinea,2597.0
9,12/20/2014,272,Cases_Guinea,2571.0
10,12/18/2014,271,Cases_Guinea,
11,12/14/2014,267,Cases_Guinea,2416.0
12,12/9/2014,262,Cases_Guinea,
13,12/7/2014,260,Cases_Guinea,2292.0
14,12/3/2014,256,Cases_Guinea,
15,11/30/2014,253,Cases_Guinea,2164.0
16,11/28/2014,251,Cases_Guinea,
17,11/23/2014,246,Cases_Guinea,2134.0
18,11/22/2014,245,Cases_Guinea,
19,11/18/2014,241,Cases_Guinea,2047.0
20,11/16/2014,239,Cases_Guinea,1971.0
21,11/15/2014,238,Cases_Guinea,
22,11/11/2014,234,Cases_Guinea,1919.0
23,11/10/2014,233,Cases_Guinea,
24,11/9/2014,232,Cases_Guinea,1878.0
25,11/8/2014,231,Cases_Guinea,
26,11/4/2014,227,Cases_Guinea,
27,11/3/2014,226,Cases_Guinea,1760.0
28,11/2/2014,225,Cases_Guinea,1731.0
29,10/31/2014,222,Cases_Guinea,
30,10/29/2014,220,Cases_Guinea,1667.0
31,10/27/2014,218,Cases_Guinea,1906.0
32,10/25/2014,216,Cases_Guinea,
33,10/22/2014,214,Cases_Guinea,
34,10/21/2014,213,Cases_Guinea,1553.0
35,10/19/2014,211,Cases_Guinea,1540.0
36,10/18/2014,210,Cases_Guinea,
37,10/14/2014,206,Cases_Guinea,1519.0
38,10/13/2014,205,Cases_Guinea,
39,10/12/2014,204,Cases_Guinea,1472.0
40,10/11/2014,203,Cases_Guinea,
41,10/8/2014,200,Cases_Guinea,
42,10/7/2014,199,Cases_Guinea,1350.0
43,10/5/2014,197,Cases_Guinea,1298.0
44,10/4/2014,196,Cases_Guinea,
45,10/1/2014,193,Cases_Guinea,1199.0
46,9/28/2014,190,Cases_Guinea,1157.0
47,9/23/2014,185,Cases_Guinea,1074.0
48,9/21/2014,183,Cases_Guinea,1022.0
49,9/20/2014,182,Cases_Guinea,
50,9/19/2014,181,Cases_Guinea,1008.0
51,9/17/2014,179,Cases_Guinea,
52,9/14/2014,176,Cases_Guinea,942.0
53,9/13/2014,175,Cases_Guinea,936.0
54,9/10/2014,172,Cases_Guinea,899.0
55,9/9/2014,171,Cases_Guinea,
56,9/7/2014,169,Cases_Guinea,861.0
57,9/5/2014,167,Cases_Guinea,812.0
58,8/31/2014,162,Cases_Guinea,771.0
59,8/26/2014,157,Cases_Guinea,648.0
60,8/20/2014,151,Cases_Guinea,607.0
61,8/18/2014,149,Cases_Guinea,579.0
62,8/16/2014,147,Cases_Guinea,543.0
63,8/13/2014,144,Cases_Guinea,519.0
64,8/11/2014,142,Cases_Guinea,510.0
65,8/9/2014,140,Cases_Guinea,506.0
66,8/6/2014,137,Cases_Guinea,495.0
67,8/4/2014,135,Cases_Guinea,495.0
68,8/1/2014,132,Cases_Guinea,485.0
69,7/30/2014,129,Cases_Guinea,472.0
70,7/27/2014,126,Cases_Guinea,460.0
71,7/23/2014,123,Cases_Guinea,427.0
72,7/20/2014,120,Cases_Guinea,415.0
73,7/17/2014,117,Cases_Guinea,410.0
74,7/14/2014,114,Cases_Guinea,411.0
75,7/12/2014,112,Cases_Guinea,406.0
76,7/8/2014,108,Cases_Guinea,409.0
77,7/6/2014,106,Cases_Guinea,408.0
78,7/2/2014,102,Cases_Guinea,412.0
79,6/30/2014,100,Cases_Guinea,413.0
80,6/22/2014,92,Cases_Guinea,
81,6/20/2014,90,Cases_Guinea,390.0
82,6/19/2014,89,Cases_Guinea,
83,6/18/2014,88,Cases_Guinea,390.0
84,6/17/2014,87,Cases_Guinea,
85,6/16/2014,86,Cases_Guinea,398.0
86,6/10/2014,80,Cases_Guinea,351.0
87,6/5/2014,75,Cases_Guinea,
88,6/3/2014,73,Cases_Guinea,344.0
89,6/1/2014,71,Cases_Guinea,328.0
90,5/28/2014,67,Cases_Guinea,291.0
91,5/27/2014,66,Cases_Guinea,281.0
92,5/23/2014,62,Cases_Guinea,258.0
93,5/12/2014,51,Cases_Guinea,248.0
94,5/10/2014,49,Cases_Guinea,233.0
95,5/7/2014,46,Cases_Guinea,236.0
96,5/5/2014,44,Cases_Guinea,235.0
97,5/3/2014,42,Cases_Guinea,231.0
98,5/1/2014,40,Cases_Guinea,226.0
99,4/26/2014,35,Cases_Guinea,224.0
100,4/24/2014,33,Cases_Guinea,
101,4/23/2014,32,Cases_Guinea,218.0
102,4/22/2014,31,Cases_Guinea,
103,4/21/2014,30,Cases_Guinea,
104,4/20/2014,29,Cases_Guinea,208.0
105,4/17/2014,26,Cases_Guinea,203.0
106,4/16/2014,25,Cases_Guinea,197.0
107,4/15/2014,24,Cases_Guinea,
108,4/14/2014,23,Cases_Guinea,168.0
109,4/11/2014,20,Cases_Guinea,159.0
110,4/9/2014,18,Cases_Guinea,158.0
111,4/7/2014,16,Cases_Guinea,151.0
112,4/4/2014,13,Cases_Guinea,143.0
113,4/1/2014,10,Cases_Guinea,127.0
114,3/31/2014,9,Cases_Guinea,122.0
115,3/29/2014,7,Cases_Guinea,112.0
116,3/28/2014,6,Cases_Guinea,112.0
117,3/27/2014,5,Cases_Guinea,103.0
118,3/26/2014,4,Cases_Guinea,86.0
119,3/25/2014,3,Cases_Guinea,86.0
120,3/24/2014,2,Cases_Guinea,86.0
121,3/22/2014,0,Cases_Guinea,49.0
122,1/5/2015,289,Cases_Liberia,
123,1/4/2015,288,Cases_Liberia,
124,1/3/2015,287,Cases_Liberia,8166.0
125,1/2/2015,286,Cases_Liberia,8157.0
126,12/31/2014,284,Cases_Liberia,8115.0
127,12/28/2014,281,Cases_Liberia,8018.0
128,12/27/2014,280,Cases_Liberia,
129,12/24/2014,277,Cases_Liberia,7977.0
130,12/21/2014,273,Cases_Liberia,
131,12/20/2014,272,Cases_Liberia,7862.0
132,12/18/2014,271,Cases_Liberia,7830.0
133,12/14/2014,267,Cases_Liberia,
134,12/9/2014,262,Cases_Liberia,7797.0
135,12/7/2014,260,Cases_Liberia,
136,12/3/2014,256,Cases_Liberia,7719.0
137,11/30/2014,253,Cases_Liberia,
138,11/28/2014,251,Cases_Liberia,7635.0
139,11/23/2014,246,Cases_Liberia,
140,11/22/2014,245,Cases_Liberia,7168.0
141,11/18/2014,241,Cases_Liberia,7082.0
142,11/16/2014,239,Cases_Liberia,
143,11/15/2014,238,Cases_Liberia,7069.0
144,11/11/2014,234,Cases_Liberia,
145,11/10/2014,233,Cases_Liberia,6878.0
146,11/9/2014,232,Cases_Liberia,
147,11/8/2014,231,Cases_Liberia,6822.0
148,11/4/2014,227,Cases_Liberia,6619.0
149,11/3/2014,226,Cases_Liberia,
150,11/2/2014,225,Cases_Liberia,
151,10/31/2014,222,Cases_Liberia,6525.0
152,10/29/2014,220,Cases_Liberia,
153,10/27/2014,218,Cases_Liberia,
154,10/25/2014,216,Cases_Liberia,6535.0
155,10/22/2014,214,Cases_Liberia,
156,10/21/2014,213,Cases_Liberia,
157,10/19/2014,211,Cases_Liberia,
158,10/18/2014,210,Cases_Liberia,4665.0
159,10/14/2014,206,Cases_Liberia,
160,10/13/2014,205,Cases_Liberia,4262.0
161,10/12/2014,204,Cases_Liberia,
162,10/11/2014,203,Cases_Liberia,4249.0
163,10/8/2014,200,Cases_Liberia,
164,10/7/2014,199,Cases_Liberia,4076.0
165,10/5/2014,197,Cases_Liberia,
166,10/4/2014,196,Cases_Liberia,3924.0
167,10/1/2014,193,Cases_Liberia,3834.0
168,9/28/2014,190,Cases_Liberia,3696.0
169,9/23/2014,185,Cases_Liberia,3458.0
170,9/21/2014,183,Cases_Liberia,3280.0
171,9/20/2014,182,Cases_Liberia,
172,9/19/2014,181,Cases_Liberia,
173,9/17/2014,179,Cases_Liberia,3022.0
174,9/14/2014,176,Cases_Liberia,2710.0
175,9/13/2014,175,Cases_Liberia,
176,9/10/2014,172,Cases_Liberia,
177,9/9/2014,171,Cases_Liberia,2407.0
178,9/7/2014,169,Cases_Liberia,2081.0
179,9/5/2014,167,Cases_Liberia,1871.0
180,8/31/2014,162,Cases_Liberia,1698.0
181,8/26/2014,157,Cases_Liberia,1378.0
182,8/20/2014,151,Cases_Liberia,1082.0
183,8/18/2014,149,Cases_Liberia,972.0
184,8/16/2014,147,Cases_Liberia,834.0
185,8/13/2014,144,Cases_Liberia,786.0
186,8/11/2014,142,Cases_Liberia,670.0
187,8/9/2014,140,Cases_Liberia,599.0
188,8/6/2014,137,Cases_Liberia,554.0
189,8/4/2014,135,Cases_Liberia,516.0
190,8/1/2014,132,Cases_Liberia,468.0
191,7/30/2014,129,Cases_Liberia,391.0
192,7/27/2014,126,Cases_Liberia,329.0
193,7/23/2014,123,Cases_Liberia,249.0
194,7/20/2014,120,Cases_Liberia,224.0
195,7/17/2014,117,Cases_Liberia,196.0
196,7/14/2014,114,Cases_Liberia,174.0
197,7/12/2014,112,Cases_Liberia,172.0
198,7/8/2014,108,Cases_Liberia,142.0
199,7/6/2014,106,Cases_Liberia,131.0
200,7/2/2014,102,Cases_Liberia,115.0
201,6/30/2014,100,Cases_Liberia,107.0
202,6/22/2014,92,Cases_Liberia,51.0
203,6/20/2014,90,Cases_Liberia,
204,6/19/2014,89,Cases_Liberia,41.0
205,6/18/2014,88,Cases_Liberia,
206,6/17/2014,87,Cases_Liberia,
207,6/16/2014,86,Cases_Liberia,33.0
208,6/10/2014,80,Cases_Liberia,13.0
209,6/5/2014,75,Cases_Liberia,13.0
210,6/3/2014,73,Cases_Liberia,13.0
211,6/1/2014,71,Cases_Liberia,13.0
212,5/28/2014,67,Cases_Liberia,13.0
213,5/27/2014,66,Cases_Liberia,12.0
214,5/23/2014,62,Cases_Liberia,12.0
215,5/12/2014,51,Cases_Liberia,12.0
216,5/10/2014,49,Cases_Liberia,12.0
217,5/7/2014,46,Cases_Liberia,13.0
218,5/5/2014,44,Cases_Liberia,13.0
219,5/3/2014,42,Cases_Liberia,13.0
220,5/1/2014,40,Cases_Liberia,13.0
221,4/26/2014,35,Cases_Liberia,
222,4/24/2014,33,Cases_Liberia,35.0
223,4/23/2014,32,Cases_Liberia,
224,4/22/2014,31,Cases_Liberia,
225,4/21/2014,30,Cases_Liberia,34.0
226,4/20/2014,29,Cases_Liberia,
227,4/17/2014,26,Cases_Liberia,27.0
228,4/16/2014,25,Cases_Liberia,27.0
229,4/15/2014,24,Cases_Liberia,
230,4/14/2014,23,Cases_Liberia,
231,4/11/2014,20,Cases_Liberia,26.0
232,4/9/2014,18,Cases_Liberia,25.0
233,4/7/2014,16,Cases_Liberia,21.0
234,4/4/2014,13,Cases_Liberia,18.0
235,4/1/2014,10,Cases_Liberia,8.0
236,3/31/2014,9,Cases_Liberia,8.0
237,3/29/2014,7,Cases_Liberia,7.0
238,3/28/2014,6,Cases_Liberia,3.0
239,3/27/2014,5,Cases_Liberia,8.0
240,3/26/2014,4,Cases_Liberia,
241,3/25/2014,3,Cases_Liberia,
242,3/24/2014,2,Cases_Liberia,
243,3/22/2014,0,Cases_Liberia,
244,1/5/2015,289,Cases_SierraLeone,10030.0
245,1/4/2015,288,Cases_SierraLeone,9780.0
246,1/3/2015,287,Cases_SierraLeone,9722.0
247,1/2/2015,286,Cases_SierraLeone,
248,12/31/2014,284,Cases_SierraLeone,9633.0
249,12/28/2014,281,Cases_SierraLeone,9446.0
250,12/27/2014,280,Cases_SierraLeone,9409.0
251,12/24/2014,277,Cases_SierraLeone,9203.0
252,12/21/2014,273,Cases_SierraLeone,9004.0
253,12/20/2014,272,Cases_SierraLeone,8939.0
254,12/18/2014,271,Cases_SierraLeone,
255,12/14/2014,267,Cases_SierraLeone,8356.0
256,12/9/2014,262,Cases_SierraLeone,
257,12/7/2014,260,Cases_SierraLeone,7897.0
258,12/3/2014,256,Cases_SierraLeone,
259,11/30/2014,253,Cases_SierraLeone,7312.0
260,11/28/2014,251,Cases_SierraLeone,
261,11/23/2014,246,Cases_SierraLeone,6599.0
262,11/22/2014,245,Cases_SierraLeone,
263,11/18/2014,241,Cases_SierraLeone,6190.0
264,11/16/2014,239,Cases_SierraLeone,6073.0
265,11/15/2014,238,Cases_SierraLeone,
266,11/11/2014,234,Cases_SierraLeone,5586.0
267,11/10/2014,233,Cases_SierraLeone,
268,11/9/2014,232,Cases_SierraLeone,5368.0
269,11/8/2014,231,Cases_SierraLeone,
270,11/4/2014,227,Cases_SierraLeone,4862.0
271,11/3/2014,226,Cases_SierraLeone,
272,11/2/2014,225,Cases_SierraLeone,4759.0
273,10/31/2014,222,Cases_SierraLeone,
274,10/29/2014,220,Cases_SierraLeone,5338.0
275,10/27/2014,218,Cases_SierraLeone,5235.0
276,10/25/2014,216,Cases_SierraLeone,
277,10/22/2014,214,Cases_SierraLeone,3896.0
278,10/21/2014,213,Cases_SierraLeone,
279,10/19/2014,211,Cases_SierraLeone,3706.0
280,10/18/2014,210,Cases_SierraLeone,
281,10/14/2014,206,Cases_SierraLeone,3410.0
282,10/13/2014,205,Cases_SierraLeone,
283,10/12/2014,204,Cases_SierraLeone,3252.0
284,10/11/2014,203,Cases_SierraLeone,
285,10/8/2014,200,Cases_SierraLeone,2950.0
286,10/7/2014,199,Cases_SierraLeone,
287,10/5/2014,197,Cases_SierraLeone,2789.0
288,10/4/2014,196,Cases_SierraLeone,
289,10/1/2014,193,Cases_SierraLeone,2437.0
290,9/28/2014,190,Cases_SierraLeone,2304.0
291,9/23/2014,185,Cases_SierraLeone,2021.0
292,9/21/2014,183,Cases_SierraLeone,1940.0
293,9/20/2014,182,Cases_SierraLeone,1813.0
294,9/19/2014,181,Cases_SierraLeone,
295,9/17/2014,179,Cases_SierraLeone,
296,9/14/2014,176,Cases_SierraLeone,1673.0
297,9/13/2014,175,Cases_SierraLeone,1620.0
298,9/10/2014,172,Cases_SierraLeone,1478.0
299,9/9/2014,171,Cases_SierraLeone,
300,9/7/2014,169,Cases_SierraLeone,1424.0
301,9/5/2014,167,Cases_SierraLeone,1261.0
302,8/31/2014,162,Cases_SierraLeone,1216.0
303,8/26/2014,157,Cases_SierraLeone,1026.0
304,8/20/2014,151,Cases_SierraLeone,910.0
305,8/18/2014,149,Cases_SierraLeone,907.0
306,8/16/2014,147,Cases_SierraLeone,848.0
307,8/13/2014,144,Cases_SierraLeone,810.0
308,8/11/2014,142,Cases_SierraLeone,783.0
309,8/9/2014,140,Cases_SierraLeone,730.0
310,8/6/2014,137,Cases_SierraLeone,717.0
311,8/4/2014,135,Cases_SierraLeone,691.0
312,8/1/2014,132,Cases_SierraLeone,646.0
313,7/30/2014,129,Cases_SierraLeone,574.0
314,7/27/2014,126,Cases_SierraLeone,533.0
315,7/23/2014,123,Cases_SierraLeone,525.0
316,7/20/2014,120,Cases_SierraLeone,454.0
317,7/17/2014,117,Cases_SierraLeone,442.0
318,7/14/2014,114,Cases_SierraLeone,397.0
319,7/12/2014,112,Cases_SierraLeone,386.0
320,7/8/2014,108,Cases_SierraLeone,337.0
321,7/6/2014,106,Cases_SierraLeone,305.0
322,7/2/2014,102,Cases_SierraLeone,252.0
323,6/30/2014,100,Cases_SierraLeone,239.0
324,6/22/2014,92,Cases_SierraLeone,
325,6/20/2014,90,Cases_SierraLeone,158.0
326,6/19/2014,89,Cases_SierraLeone,
327,6/18/2014,88,Cases_SierraLeone,136.0
328,6/17/2014,87,Cases_SierraLeone,97.0
329,6/16/2014,86,Cases_SierraLeone,
330,6/10/2014,80,Cases_SierraLeone,89.0
331,6/5/2014,75,Cases_SierraLeone,81.0
332,6/3/2014,73,Cases_SierraLeone,
333,6/1/2014,71,Cases_SierraLeone,79.0
334,5/28/2014,67,Cases_SierraLeone,50.0
335,5/27/2014,66,Cases_SierraLeone,16.0
336,5/23/2014,62,Cases_SierraLeone,0.0
337,5/12/2014,51,Cases_SierraLeone,0.0
338,5/10/2014,49,Cases_SierraLeone,0.0
339,5/7/2014,46,Cases_SierraLeone,0.0
340,5/5/2014,44,Cases_SierraLeone,0.0
341,5/3/2014,42,Cases_SierraLeone,0.0
342,5/1/2014,40,Cases_SierraLeone,0.0
343,4/26/2014,35,Cases_SierraLeone,0.0
344,4/24/2014,33,Cases_SierraLeone,0.0
345,4/23/2014,32,Cases_SierraLeone,0.0
346,4/22/2014,31,Cases_SierraLeone,0.0
347,4/21/2014,30,Cases_SierraLeone,
348,4/20/2014,29,Cases_SierraLeone,
349,4/17/2014,26,Cases_SierraLeone,
350,4/16/2014,25,Cases_SierraLeone,
351,4/15/2014,24,Cases_SierraLeone,12.0
352,4/14/2014,23,Cases_SierraLeone,
353,4/11/2014,20,Cases_SierraLeone,2.0
354,4/9/2014,18,Cases_SierraLeone,2.0
355,4/7/2014,16,Cases_SierraLeone,2.0
356,4/4/2014,13,Cases_SierraLeone,2.0
357,4/1/2014,10,Cases_SierraLeone,2.0
358,3/31/2014,9,Cases_SierraLeone,2.0
359,3/29/2014,7,Cases_SierraLeone,
360,3/28/2014,6,Cases_SierraLeone,2.0
361,3/27/2014,5,Cases_SierraLeone,6.0
362,3/26/2014,4,Cases_SierraLeone,
363,3/25/2014,3,Cases_SierraLeone,
364,3/24/2014,2,Cases_SierraLeone,
365,3/22/2014,0,Cases_SierraLeone,
366,1/5/2015,289,Cases_Nigeria,
367,1/4/2015,288,Cases_Nigeria,
368,1/3/2015,287,Cases_Nigeria,
369,1/2/2015,286,Cases_Nigeria,
370,12/31/2014,284,Cases_Nigeria,
371,12/28/2014,281,Cases_Nigeria,
372,12/27/2014,280,Cases_Nigeria,
373,12/24/2014,277,Cases_Nigeria,
374,12/21/2014,273,Cases_Nigeria,
375,12/20/2014,272,Cases_Nigeria,
376,12/18/2014,271,Cases_Nigeria,
377,12/14/2014,267,Cases_Nigeria,
378,12/9/2014,262,Cases_Nigeria,
379,12/7/2014,260,Cases_Nigeria,20.0
380,12/3/2014,256,Cases_Nigeria,
381,11/30/2014,253,Cases_Nigeria,20.0
382,11/28/2014,251,Cases_Nigeria,
383,11/23/2014,246,Cases_Nigeria,20.0
384,11/22/2014,245,Cases_Nigeria,
385,11/18/2014,241,Cases_Nigeria,20.0
386,11/16/2014,239,Cases_Nigeria,20.0
387,11/15/2014,238,Cases_Nigeria,
388,11/11/2014,234,Cases_Nigeria,20.0
389,11/10/2014,233,Cases_Nigeria,
390,11/9/2014,232,Cases_Nigeria,20.0
391,11/8/2014,231,Cases_Nigeria,
392,11/4/2014,227,Cases_Nigeria,20.0
393,11/3/2014,226,Cases_Nigeria,
394,11/2/2014,225,Cases_Nigeria,20.0
395,10/31/2014,222,Cases_Nigeria,
396,10/29/2014,220,Cases_Nigeria,20.0
397,10/27/2014,218,Cases_Nigeria,20.0
398,10/25/2014,216,Cases_Nigeria,
399,10/22/2014,214,Cases_Nigeria,
400,10/21/2014,213,Cases_Nigeria,
401,10/19/2014,211,Cases_Nigeria,20.0
402,10/18/2014,210,Cases_Nigeria,
403,10/14/2014,206,Cases_Nigeria,20.0
404,10/13/2014,205,Cases_Nigeria,
405,10/12/2014,204,Cases_Nigeria,20.0
406,10/11/2014,203,Cases_Nigeria,
407,10/8/2014,200,Cases_Nigeria,20.0
408,10/7/2014,199,Cases_Nigeria,
409,10/5/2014,197,Cases_Nigeria,20.0
410,10/4/2014,196,Cases_Nigeria,
411,10/1/2014,193,Cases_Nigeria,20.0
412,9/28/2014,190,Cases_Nigeria,20.0
413,9/23/2014,185,Cases_Nigeria,20.0
414,9/21/2014,183,Cases_Nigeria,20.0
415,9/20/2014,182,Cases_Nigeria,
416,9/19/2014,181,Cases_Nigeria,
417,9/17/2014,179,Cases_Nigeria,
418,9/14/2014,176,Cases_Nigeria,
419,9/13/2014,175,Cases_Nigeria,21.0
420,9/10/2014,172,Cases_Nigeria,21.0
421,9/9/2014,171,Cases_Nigeria,
422,9/7/2014,169,Cases_Nigeria,21.0
423,9/5/2014,167,Cases_Nigeria,22.0
424,8/31/2014,162,Cases_Nigeria,21.0
425,8/26/2014,157,Cases_Nigeria,17.0
426,8/20/2014,151,Cases_Nigeria,16.0
427,8/18/2014,149,Cases_Nigeria,15.0
428,8/16/2014,147,Cases_Nigeria,15.0
429,8/13/2014,144,Cases_Nigeria,12.0
430,8/11/2014,142,Cases_Nigeria,12.0
431,8/9/2014,140,Cases_Nigeria,13.0
432,8/6/2014,137,Cases_Nigeria,13.0
433,8/4/2014,135,Cases_Nigeria,9.0
434,8/1/2014,132,Cases_Nigeria,4.0
435,7/30/2014,129,Cases_Nigeria,3.0
436,7/27/2014,126,Cases_Nigeria,1.0
437,7/23/2014,123,Cases_Nigeria,0.0
438,7/20/2014,120,Cases_Nigeria,
439,7/17/2014,117,Cases_Nigeria,
440,7/14/2014,114,Cases_Nigeria,
441,7/12/2014,112,Cases_Nigeria,
442,7/8/2014,108,Cases_Nigeria,
443,7/6/2014,106,Cases_Nigeria,
444,7/2/2014,102,Cases_Nigeria,
445,6/30/2014,100,Cases_Nigeria,
446,6/22/2014,92,Cases_Nigeria,
447,6/20/2014,90,Cases_Nigeria,
448,6/19/2014,89,Cases_Nigeria,
449,6/18/2014,88,Cases_Nigeria,
450,6/17/2014,87,Cases_Nigeria,
451,6/16/2014,86,Cases_Nigeria,
452,6/10/2014,80,Cases_Nigeria,
453,6/5/2014,75,Cases_Nigeria,
454,6/3/2014,73,Cases_Nigeria,
455,6/1/2014,71,Cases_Nigeria,
456,5/28/2014,67,Cases_Nigeria,
457,5/27/2014,66,Cases_Nigeria,
458,5/23/2014,62,Cases_Nigeria,
459,5/12/2014,51,Cases_Nigeria,
460,5/10/2014,49,Cases_Nigeria,
461,5/7/2014,46,Cases_Nigeria,
462,5/5/2014,44,Cases_Nigeria,
463,5/3/2014,42,Cases_Nigeria,
464,5/1/2014,40,Cases_Nigeria,
465,4/26/2014,35,Cases_Nigeria,
466,4/24/2014,33,Cases_Nigeria,
467,4/23/2014,32,Cases_Nigeria,
468,4/22/2014,31,Cases_Nigeria,
469,4/21/2014,30,Cases_Nigeria,
470,4/20/2014,29,Cases_Nigeria,
471,4/17/2014,26,Cases_Nigeria,
472,4/16/2014,25,Cases_Nigeria,
473,4/15/2014,24,Cases_Nigeria,
474,4/14/2014,23,Cases_Nigeria,
475,4/11/2014,20,Cases_Nigeria,
476,4/9/2014,18,Cases_Nigeria,
477,4/7/2014,16,Cases_Nigeria,
478,4/4/2014,13,Cases_Nigeria,
479,4/1/2014,10,Cases_Nigeria,
480,3/31/2014,9,Cases_Nigeria,
481,3/29/2014,7,Cases_Nigeria,
482,3/28/2014,6,Cases_Nigeria,
483,3/27/2014,5,Cases_Nigeria,
484,3/26/2014,4,Cases_Nigeria,
485,3/25/2014,3,Cases_Nigeria,
486,3/24/2014,2,Cases_Nigeria,
487,3/22/2014,0,Cases_Nigeria,
488,1/5/2015,289,Cases_Senegal,
489,1/4/2015,288,Cases_Senegal,
490,1/3/2015,287,Cases_Senegal,
491,1/2/2015,286,Cases_Senegal,
492,12/31/2014,284,Cases_Senegal,
493,12/28/2014,281,Cases_Senegal,
494,12/27/2014,280,Cases_Senegal,
495,12/24/2014,277,Cases_Senegal,
496,12/21/2014,273,Cases_Senegal,
497,12/20/2014,272,Cases_Senegal,
498,12/18/2014,271,Cases_Senegal,
499,12/14/2014,267,Cases_Senegal,
500,12/9/2014,262,Cases_Senegal,
501,12/7/2014,260,Cases_Senegal,1.0
502,12/3/2014,256,Cases_Senegal,
503,11/30/2014,253,Cases_Senegal,1.0
504,11/28/2014,251,Cases_Senegal,
505,11/23/2014,246,Cases_Senegal,1.0
506,11/22/2014,245,Cases_Senegal,
507,11/18/2014,241,Cases_Senegal,1.0
508,11/16/2014,239,Cases_Senegal,1.0
509,11/15/2014,238,Cases_Senegal,
510,11/11/2014,234,Cases_Senegal,1.0
511,11/10/2014,233,Cases_Senegal,
512,11/9/2014,232,Cases_Senegal,1.0
513,11/8/2014,231,Cases_Senegal,
514,11/4/2014,227,Cases_Senegal,1.0
515,11/3/2014,226,Cases_Senegal,
516,11/2/2014,225,Cases_Senegal,1.0
517,10/31/2014,222,Cases_Senegal,
518,10/29/2014,220,Cases_Senegal,1.0
519,10/27/2014,218,Cases_Senegal,1.0
520,10/25/2014,216,Cases_Senegal,
521,10/22/2014,214,Cases_Senegal,
522,10/21/2014,213,Cases_Senegal,
523,10/19/2014,211,Cases_Senegal,1.0
524,10/18/2014,210,Cases_Senegal,
525,10/14/2014,206,Cases_Senegal,1.0
526,10/13/2014,205,Cases_Senegal,
527,10/12/2014,204,Cases_Senegal,1.0
528,10/11/2014,203,Cases_Senegal,
529,10/8/2014,200,Cases_Senegal,1.0
530,10/7/2014,199,Cases_Senegal,
531,10/5/2014,197,Cases_Senegal,1.0
532,10/4/2014,196,Cases_Senegal,
533,10/1/2014,193,Cases_Senegal,1.0
534,9/28/2014,190,Cases_Senegal,1.0
535,9/23/2014,185,Cases_Senegal,1.0
536,9/21/2014,183,Cases_Senegal,1.0
537,9/20/2014,182,Cases_Senegal,
538,9/19/2014,181,Cases_Senegal,
539,9/17/2014,179,Cases_Senegal,
540,9/14/2014,176,Cases_Senegal,
541,9/13/2014,175,Cases_Senegal,1.0
542,9/10/2014,172,Cases_Senegal,1.0
543,9/9/2014,171,Cases_Senegal,
544,9/7/2014,169,Cases_Senegal,3.0
545,9/5/2014,167,Cases_Senegal,1.0
546,8/31/2014,162,Cases_Senegal,1.0
547,8/26/2014,157,Cases_Senegal,
548,8/20/2014,151,Cases_Senegal,
549,8/18/2014,149,Cases_Senegal,
550,8/16/2014,147,Cases_Senegal,
551,8/13/2014,144,Cases_Senegal,
552,8/11/2014,142,Cases_Senegal,
553,8/9/2014,140,Cases_Senegal,
554,8/6/2014,137,Cases_Senegal,
555,8/4/2014,135,Cases_Senegal,
556,8/1/2014,132,Cases_Senegal,
557,7/30/2014,129,Cases_Senegal,
558,7/27/2014,126,Cases_Senegal,
559,7/23/2014,123,Cases_Senegal,
560,7/20/2014,120,Cases_Senegal,
561,7/17/2014,117,Cases_Senegal,
562,7/14/2014,114,Cases_Senegal,
563,7/12/2014,112,Cases_Senegal,
564,7/8/2014,108,Cases_Senegal,
565,7/6/2014,106,Cases_Senegal,
566,7/2/2014,102,Cases_Senegal,
567,6/30/2014,100,Cases_Senegal,
568,6/22/2014,92,Cases_Senegal,
569,6/20/2014,90,Cases_Senegal,
570,6/19/2014,89,Cases_Senegal,
571,6/18/2014,88,Cases_Senegal,
572,6/17/2014,87,Cases_Senegal,
573,6/16/2014,86,Cases_Senegal,
574,6/10/2014,80,Cases_Senegal,
575,6/5/2014,75,Cases_Senegal,
576,6/3/2014,73,Cases_Senegal,
577,6/1/2014,71,Cases_Senegal,
578,5/28/2014,67,Cases_Senegal,
579,5/27/2014,66,Cases_Senegal,
580,5/23/2014,62,Cases_Senegal,
581,5/12/2014,51,Cases_Senegal,
582,5/10/2014,49,Cases_Senegal,
583,5/7/2014,46,Cases_Senegal,
584,5/5/2014,44,Cases_Senegal,
585,5/3/2014,42,Cases_Senegal,
586,5/1/2014,40,Cases_Senegal,
587,4/26/2014,35,Cases_Senegal,
588,4/24/2014,33,Cases_Senegal,
589,4/23/2014,32,Cases_Senegal,
590,4/22/2014,31,Cases_Senegal,
591,4/21/2014,30,Cases_Senegal,
592,4/20/2014,29,Cases_Senegal,
593,4/17/2014,26,Cases_Senegal,
594,4/16/2014,25,Cases_Senegal,
595,4/15/2014,24,Cases_Senegal,
596,4/14/2014,23,Cases_Senegal,
597,4/11/2014,20,Cases_Senegal,
598,4/9/2014,18,Cases_Senegal,
599,4/7/2014,16,Cases_Senegal,
600,4/4/2014,13,Cases_Senegal,
601,4/1/2014,10,Cases_Senegal,
602,3/31/2014,9,Cases_Senegal,
603,3/29/2014,7,Cases_Senegal,
604,3/28/2014,6,Cases_Senegal,
605,3/27/2014,5,Cases_Senegal,
606,3/26/2014,4,Cases_Senegal,
607,3/25/2014,3,Cases_Senegal,
608,3/24/2014,2,Cases_Senegal,
609,3/22/2014,0,Cases_Senegal,
610,1/5/2015,289,Cases_UnitedStates,
611,1/4/2015,288,Cases_UnitedStates,
612,1/3/2015,287,Cases_UnitedStates,
613,1/2/2015,286,Cases_UnitedStates,
614,12/31/2014,284,Cases_UnitedStates,
615,12/28/2014,281,Cases_UnitedStates,
616,12/27/2014,280,Cases_UnitedStates,
617,12/24/2014,277,Cases_UnitedStates,
618,12/21/2014,273,Cases_UnitedStates,
619,12/20/2014,272,Cases_UnitedStates,
620,12/18/2014,271,Cases_UnitedStates,
621,12/14/2014,267,Cases_UnitedStates,
622,12/9/2014,262,Cases_UnitedStates,
623,12/7/2014,260,Cases_UnitedStates,4.0
624,12/3/2014,256,Cases_UnitedStates,
625,11/30/2014,253,Cases_UnitedStates,4.0
626,11/28/2014,251,Cases_UnitedStates,
627,11/23/2014,246,Cases_UnitedStates,4.0
628,11/22/2014,245,Cases_UnitedStates,
629,11/18/2014,241,Cases_UnitedStates,4.0
630,11/16/2014,239,Cases_UnitedStates,4.0
631,11/15/2014,238,Cases_UnitedStates,
632,11/11/2014,234,Cases_UnitedStates,4.0
633,11/10/2014,233,Cases_UnitedStates,
634,11/9/2014,232,Cases_UnitedStates,4.0
635,11/8/2014,231,Cases_UnitedStates,
636,11/4/2014,227,Cases_UnitedStates,4.0
637,11/3/2014,226,Cases_UnitedStates,
638,11/2/2014,225,Cases_UnitedStates,4.0
639,10/31/2014,222,Cases_UnitedStates,
640,10/29/2014,220,Cases_UnitedStates,4.0
641,10/27/2014,218,Cases_UnitedStates,4.0
642,10/25/2014,216,Cases_UnitedStates,
643,10/22/2014,214,Cases_UnitedStates,4.0
644,10/21/2014,213,Cases_UnitedStates,
645,10/19/2014,211,Cases_UnitedStates,3.0
646,10/18/2014,210,Cases_UnitedStates,
647,10/14/2014,206,Cases_UnitedStates,3.0
648,10/13/2014,205,Cases_UnitedStates,
649,10/12/2014,204,Cases_UnitedStates,2.0
650,10/11/2014,203,Cases_UnitedStates,
651,10/8/2014,200,Cases_UnitedStates,1.0
652,10/7/2014,199,Cases_UnitedStates,
653,10/5/2014,197,Cases_UnitedStates,1.0
654,10/4/2014,196,Cases_UnitedStates,
655,10/1/2014,193,Cases_UnitedStates,1.0
656,9/28/2014,190,Cases_UnitedStates,
657,9/23/2014,185,Cases_UnitedStates,
658,9/21/2014,183,Cases_UnitedStates,
659,9/20/2014,182,Cases_UnitedStates,
660,9/19/2014,181,Cases_UnitedStates,
661,9/17/2014,179,Cases_UnitedStates,
662,9/14/2014,176,Cases_UnitedStates,
663,9/13/2014,175,Cases_UnitedStates,
664,9/10/2014,172,Cases_UnitedStates,
665,9/9/2014,171,Cases_UnitedStates,
666,9/7/2014,169,Cases_UnitedStates,
667,9/5/2014,167,Cases_UnitedStates,
668,8/31/2014,162,Cases_UnitedStates,
669,8/26/2014,157,Cases_UnitedStates,
670,8/20/2014,151,Cases_UnitedStates,
671,8/18/2014,149,Cases_UnitedStates,
672,8/16/2014,147,Cases_UnitedStates,
673,8/13/2014,144,Cases_UnitedStates,
674,8/11/2014,142,Cases_UnitedStates,
675,8/9/2014,140,Cases_UnitedStates,
676,8/6/2014,137,Cases_UnitedStates,
677,8/4/2014,135,Cases_UnitedStates,
678,8/1/2014,132,Cases_UnitedStates,
679,7/30/2014,129,Cases_UnitedStates,
680,7/27/2014,126,Cases_UnitedStates,
681,7/23/2014,123,Cases_UnitedStates,
682,7/20/2014,120,Cases_UnitedStates,
683,7/17/2014,117,Cases_UnitedStates,
684,7/14/2014,114,Cases_UnitedStates,
685,7/12/2014,112,Cases_UnitedStates,
686,7/8/2014,108,Cases_UnitedStates,
687,7/6/2014,106,Cases_UnitedStates,
688,7/2/2014,102,Cases_UnitedStates,
689,6/30/2014,100,Cases_UnitedStates,
690,6/22/2014,92,Cases_UnitedStates,
691,6/20/2014,90,Cases_UnitedStates,
692,6/19/2014,89,Cases_UnitedStates,
693,6/18/2014,88,Cases_UnitedStates,
694,6/17/2014,87,Cases_UnitedStates,
695,6/16/2014,86,Cases_UnitedStates,
696,6/10/2014,80,Cases_UnitedStates,
697,6/5/2014,75,Cases_UnitedStates,
698,6/3/2014,73,Cases_UnitedStates,
699,6/1/2014,71,Cases_UnitedStates,
700,5/28/2014,67,Cases_UnitedStates,
701,5/27/2014,66,Cases_UnitedStates,
702,5/23/2014,62,Cases_UnitedStates,
703,5/12/2014,51,Cases_UnitedStates,
704,5/10/2014,49,Cases_UnitedStates,
705,5/7/2014,46,Cases_UnitedStates,
706,5/5/2014,44,Cases_UnitedStates,
707,5/3/2014,42,Cases_UnitedStates,
708,5/1/2014,40,Cases_UnitedStates,
709,4/26/2014,35,Cases_UnitedStates,
710,4/24/2014,33,Cases_UnitedStates,
711,4/23/2014,32,Cases_UnitedStates,
712,4/22/2014,31,Cases_UnitedStates,
713,4/21/2014,30,Cases_UnitedStates,
714,4/20/2014,29,Cases_UnitedStates,
715,4/17/2014,26,Cases_UnitedStates,
716,4/16/2014,25,Cases_UnitedStates,
717,4/15/2014,24,Cases_UnitedStates,
718,4/14/2014,23,Cases_UnitedStates,
719,4/11/2014,20,Cases_UnitedStates,
720,4/9/2014,18,Cases_UnitedStates,
721,4/7/2014,16,Cases_UnitedStates,
722,4/4/2014,13,Cases_UnitedStates,
723,4/1/2014,10,Cases_UnitedStates,
724,3/31/2014,9,Cases_UnitedStates,
725,3/29/2014,7,Cases_UnitedStates,
726,3/28/2014,6,Cases_UnitedStates,
727,3/27/2014,5,Cases_UnitedStates,
728,3/26/2014,4,Cases_UnitedStates,
729,3/25/2014,3,Cases_UnitedStates,
730,3/24/2014,2,Cases_UnitedStates,
731,3/22/2014,0,Cases_UnitedStates,
732,1/5/2015,289,Cases_Spain,
733,1/4/2015,288,Cases_Spain,
734,1/3/2015,287,Cases_Spain,
735,1/2/2015,286,Cases_Spain,
736,12/31/2014,284,Cases_Spain,
737,12/28/2014,281,Cases_Spain,
738,12/27/2014,280,Cases_Spain,
739,12/24/2014,277,Cases_Spain,
740,12/21/2014,273,Cases_Spain,
741,12/20/2014,272,Cases_Spain,
742,12/18/2014,271,Cases_Spain,
743,12/14/2014,267,Cases_Spain,
744,12/9/2014,262,Cases_Spain,
745,12/7/2014,260,Cases_Spain,1.0
746,12/3/2014,256,Cases_Spain,
747,11/30/2014,253,Cases_Spain,1.0
748,11/28/2014,251,Cases_Spain,
749,11/23/2014,246,Cases_Spain,1.0
750,11/22/2014,245,Cases_Spain,
751,11/18/2014,241,Cases_Spain,1.0
752,11/16/2014,239,Cases_Spain,1.0
753,11/15/2014,238,Cases_Spain,
754,11/11/2014,234,Cases_Spain,1.0
755,11/10/2014,233,Cases_Spain,
756,11/9/2014,232,Cases_Spain,1.0
757,11/8/2014,231,Cases_Spain,
758,11/4/2014,227,Cases_Spain,1.0
759,11/3/2014,226,Cases_Spain,
760,11/2/2014,225,Cases_Spain,1.0
761,10/31/2014,222,Cases_Spain,
762,10/29/2014,220,Cases_Spain,1.0
763,10/27/2014,218,Cases_Spain,1.0
764,10/25/2014,216,Cases_Spain,
765,10/22/2014,214,Cases_Spain,1.0
766,10/21/2014,213,Cases_Spain,
767,10/19/2014,211,Cases_Spain,1.0
768,10/18/2014,210,Cases_Spain,
769,10/14/2014,206,Cases_Spain,1.0
770,10/13/2014,205,Cases_Spain,
771,10/12/2014,204,Cases_Spain,1.0
772,10/11/2014,203,Cases_Spain,
773,10/8/2014,200,Cases_Spain,1.0
774,10/7/2014,199,Cases_Spain,
775,10/5/2014,197,Cases_Spain,
776,10/4/2014,196,Cases_Spain,
777,10/1/2014,193,Cases_Spain,
778,9/28/2014,190,Cases_Spain,
779,9/23/2014,185,Cases_Spain,
780,9/21/2014,183,Cases_Spain,
781,9/20/2014,182,Cases_Spain,
782,9/19/2014,181,Cases_Spain,
783,9/17/2014,179,Cases_Spain,
784,9/14/2014,176,Cases_Spain,
785,9/13/2014,175,Cases_Spain,
786,9/10/2014,172,Cases_Spain,
787,9/9/2014,171,Cases_Spain,
788,9/7/2014,169,Cases_Spain,
789,9/5/2014,167,Cases_Spain,
790,8/31/2014,162,Cases_Spain,
791,8/26/2014,157,Cases_Spain,
792,8/20/2014,151,Cases_Spain,
793,8/18/2014,149,Cases_Spain,
794,8/16/2014,147,Cases_Spain,
795,8/13/2014,144,Cases_Spain,
796,8/11/2014,142,Cases_Spain,
797,8/9/2014,140,Cases_Spain,
798,8/6/2014,137,Cases_Spain,
799,8/4/2014,135,Cases_Spain,
800,8/1/2014,132,Cases_Spain,
801,7/30/2014,129,Cases_Spain,
802,7/27/2014,126,Cases_Spain,
803,7/23/2014,123,Cases_Spain,
804,7/20/2014,120,Cases_Spain,
805,7/17/2014,117,Cases_Spain,
806,7/14/2014,114,Cases_Spain,
807,7/12/2014,112,Cases_Spain,
808,7/8/2014,108,Cases_Spain,
809,7/6/2014,106,Cases_Spain,
810,7/2/2014,102,Cases_Spain,
811,6/30/2014,100,Cases_Spain,
812,6/22/2014,92,Cases_Spain,
813,6/20/2014,90,Cases_Spain,
814,6/19/2014,89,Cases_Spain,
815,6/18/2014,88,Cases_Spain,
816,6/17/2014,87,Cases_Spain,
817,6/16/2014,86,Cases_Spain,
818,6/10/2014,80,Cases_Spain,
819,6/5/2014,75,Cases_Spain,
820,6/3/2014,73,Cases_Spain,
821,6/1/2014,71,Cases_Spain,
822,5/28/2014,67,Cases_Spain,
823,5/27/2014,66,Cases_Spain,
824,5/23/2014,62,Cases_Spain,
825,5/12/2014,51,Cases_Spain,
826,5/10/2014,49,Cases_Spain,
827,5/7/2014,46,Cases_Spain,
828,5/5/2014,44,Cases_Spain,
829,5/3/2014,42,Cases_Spain,
830,5/1/2014,40,Cases_Spain,
831,4/26/2014,35,Cases_Spain,
832,4/24/2014,33,Cases_Spain,
833,4/23/2014,32,Cases_Spain,
834,4/22/2014,31,Cases_Spain,
835,4/21/2014,30,Cases_Spain,
836,4/20/2014,29,Cases_Spain,
837,4/17/2014,26,Cases_Spain,
838,4/16/2014,25,Cases_Spain,
839,4/15/2014,24,Cases_Spain,
840,4/14/2014,23,Cases_Spain,
841,4/11/2014,20,Cases_Spain,
842,4/9/2014,18,Cases_Spain,
843,4/7/2014,16,Cases_Spain,
844,4/4/2014,13,Cases_Spain,
845,4/1/2014,10,Cases_Spain,
846,3/31/2014,9,Cases_Spain,
847,3/29/2014,7,Cases_Spain,
848,3/28/2014,6,Cases_Spain,
849,3/27/2014,5,Cases_Spain,
850,3/26/2014,4,Cases_Spain,
851,3/25/2014,3,Cases_Spain,
852,3/24/2014,2,Cases_Spain,
853,3/22/2014,0,Cases_Spain,
854,1/5/2015,289,Cases_Mali,
855,1/4/2015,288,Cases_Mali,
856,1/3/2015,287,Cases_Mali,
857,1/2/2015,286,Cases_Mali,
858,12/31/2014,284,Cases_Mali,
859,12/28/2014,281,Cases_Mali,
860,12/27/2014,280,Cases_Mali,
861,12/24/2014,277,Cases_Mali,
862,12/21/2014,273,Cases_Mali,
863,12/20/2014,272,Cases_Mali,
864,12/18/2014,271,Cases_Mali,
865,12/14/2014,267,Cases_Mali,
866,12/9/2014,262,Cases_Mali,
867,12/7/2014,260,Cases_Mali,7.0
868,12/3/2014,256,Cases_Mali,
869,11/30/2014,253,Cases_Mali,7.0
870,11/28/2014,251,Cases_Mali,
871,11/23/2014,246,Cases_Mali,7.0
872,11/22/2014,245,Cases_Mali,
873,11/18/2014,241,Cases_Mali,6.0
874,11/16/2014,239,Cases_Mali,5.0
875,11/15/2014,238,Cases_Mali,
876,11/11/2014,234,Cases_Mali,4.0
877,11/10/2014,233,Cases_Mali,
878,11/9/2014,232,Cases_Mali,1.0
879,11/8/2014,231,Cases_Mali,
880,11/4/2014,227,Cases_Mali,1.0
881,11/3/2014,226,Cases_Mali,
882,11/2/2014,225,Cases_Mali,1.0
883,10/31/2014,222,Cases_Mali,
884,10/29/2014,220,Cases_Mali,1.0
885,10/27/2014,218,Cases_Mali,1.0
886,10/25/2014,216,Cases_Mali,
887,10/22/2014,214,Cases_Mali,1.0
888,10/21/2014,213,Cases_Mali,
889,10/19/2014,211,Cases_Mali,
890,10/18/2014,210,Cases_Mali,
891,10/14/2014,206,Cases_Mali,
892,10/13/2014,205,Cases_Mali,
893,10/12/2014,204,Cases_Mali,
894,10/11/2014,203,Cases_Mali,
895,10/8/2014,200,Cases_Mali,
896,10/7/2014,199,Cases_Mali,
897,10/5/2014,197,Cases_Mali,
898,10/4/2014,196,Cases_Mali,
899,10/1/2014,193,Cases_Mali,
900,9/28/2014,190,Cases_Mali,
901,9/23/2014,185,Cases_Mali,
902,9/21/2014,183,Cases_Mali,
903,9/20/2014,182,Cases_Mali,
904,9/19/2014,181,Cases_Mali,
905,9/17/2014,179,Cases_Mali,
906,9/14/2014,176,Cases_Mali,
907,9/13/2014,175,Cases_Mali,
908,9/10/2014,172,Cases_Mali,
909,9/9/2014,171,Cases_Mali,
910,9/7/2014,169,Cases_Mali,
911,9/5/2014,167,Cases_Mali,
912,8/31/2014,162,Cases_Mali,
913,8/26/2014,157,Cases_Mali,
914,8/20/2014,151,Cases_Mali,
915,8/18/2014,149,Cases_Mali,
916,8/16/2014,147,Cases_Mali,
917,8/13/2014,144,Cases_Mali,
918,8/11/2014,142,Cases_Mali,
919,8/9/2014,140,Cases_Mali,
920,8/6/2014,137,Cases_Mali,
921,8/4/2014,135,Cases_Mali,
922,8/1/2014,132,Cases_Mali,
923,7/30/2014,129,Cases_Mali,
924,7/27/2014,126,Cases_Mali,
925,7/23/2014,123,Cases_Mali,
926,7/20/2014,120,Cases_Mali,
927,7/17/2014,117,Cases_Mali,
928,7/14/2014,114,Cases_Mali,
929,7/12/2014,112,Cases_Mali,
930,7/8/2014,108,Cases_Mali,
931,7/6/2014,106,Cases_Mali,
932,7/2/2014,102,Cases_Mali,
933,6/30/2014,100,Cases_Mali,
934,6/22/2014,92,Cases_Mali,
935,6/20/2014,90,Cases_Mali,
936,6/19/2014,89,Cases_Mali,
937,6/18/2014,88,Cases_Mali,
938,6/17/2014,87,Cases_Mali,
939,6/16/2014,86,Cases_Mali,
940,6/10/2014,80,Cases_Mali,
941,6/5/2014,75,Cases_Mali,
942,6/3/2014,73,Cases_Mali,
943,6/1/2014,71,Cases_Mali,
944,5/28/2014,67,Cases_Mali,
945,5/27/2014,66,Cases_Mali,
946,5/23/2014,62,Cases_Mali,
947,5/12/2014,51,Cases_Mali,
948,5/10/2014,49,Cases_Mali,
949,5/7/2014,46,Cases_Mali,
950,5/5/2014,44,Cases_Mali,
951,5/3/2014,42,Cases_Mali,
952,5/1/2014,40,Cases_Mali,
953,4/26/2014,35,Cases_Mali,
954,4/24/2014,33,Cases_Mali,
955,4/23/2014,32,Cases_Mali,
956,4/22/2014,31,Cases_Mali,
957,4/21/2014,30,Cases_Mali,
958,4/20/2014,29,Cases_Mali,
959,4/17/2014,26,Cases_Mali,
960,4/16/2014,25,Cases_Mali,
961,4/15/2014,24,Cases_Mali,
962,4/14/2014,23,Cases_Mali,
963,4/11/2014,20,Cases_Mali,
964,4/9/2014,18,Cases_Mali,
965,4/7/2014,16,Cases_Mali,
966,4/4/2014,13,Cases_Mali,
967,4/1/2014,10,Cases_Mali,
968,3/31/2014,9,Cases_Mali,
969,3/29/2014,7,Cases_Mali,
970,3/28/2014,6,Cases_Mali,
971,3/27/2014,5,Cases_Mali,
972,3/26/2014,4,Cases_Mali,
973,3/25/2014,3,Cases_Mali,
974,3/24/2014,2,Cases_Mali,
975,3/22/2014,0,Cases_Mali,
976,1/5/2015,289,Deaths_Guinea,1786.0
977,1/4/2015,288,Deaths_Guinea,1781.0
978,1/3/2015,287,Deaths_Guinea,1767.0
979,1/2/2015,286,Deaths_Guinea,
980,12/31/2014,284,Deaths_Guinea,1739.0
981,12/28/2014,281,Deaths_Guinea,1708.0
982,12/27/2014,280,Deaths_Guinea,1697.0
983,12/24/2014,277,Deaths_Guinea,
984,12/21/2014,273,Deaths_Guinea,1607.0
985,12/20/2014,272,Deaths_Guinea,1586.0
986,12/18/2014,271,Deaths_Guinea,
987,12/14/2014,267,Deaths_Guinea,1525.0
988,12/9/2014,262,Deaths_Guinea,
989,12/7/2014,260,Deaths_Guinea,1428.0
990,12/3/2014,256,Deaths_Guinea,
991,11/30/2014,253,Deaths_Guinea,1327.0
992,11/28/2014,251,Deaths_Guinea,
993,11/23/2014,246,Deaths_Guinea,1260.0
994,11/22/2014,245,Deaths_Guinea,
995,11/18/2014,241,Deaths_Guinea,1214.0
996,11/16/2014,239,Deaths_Guinea,1192.0
997,11/15/2014,238,Deaths_Guinea,
998,11/11/2014,234,Deaths_Guinea,1166.0
999,11/10/2014,233,Deaths_Guinea,
1000,11/9/2014,232,Deaths_Guinea,1142.0
1001,11/8/2014,231,Deaths_Guinea,
1002,11/4/2014,227,Deaths_Guinea,
1003,11/3/2014,226,Deaths_Guinea,1054.0
1004,11/2/2014,225,Deaths_Guinea,1041.0
1005,10/31/2014,222,Deaths_Guinea,
1006,10/29/2014,220,Deaths_Guinea,1018.0
1007,10/27/2014,218,Deaths_Guinea,997.0
1008,10/25/2014,216,Deaths_Guinea,
1009,10/22/2014,214,Deaths_Guinea,
1010,10/21/2014,213,Deaths_Guinea,926.0
1011,10/19/2014,211,Deaths_Guinea,904.0
1012,10/18/2014,210,Deaths_Guinea,
1013,10/14/2014,206,Deaths_Guinea,862.0
1014,10/13/2014,205,Deaths_Guinea,
1015,10/12/2014,204,Deaths_Guinea,843.0
1016,10/11/2014,203,Deaths_Guinea,
1017,10/8/2014,200,Deaths_Guinea,
1018,10/7/2014,199,Deaths_Guinea,778.0
1019,10/5/2014,197,Deaths_Guinea,768.0
1020,10/4/2014,196,Deaths_Guinea,
1021,10/1/2014,193,Deaths_Guinea,739.0
1022,9/28/2014,190,Deaths_Guinea,710.0
1023,9/23/2014,185,Deaths_Guinea,648.0
1024,9/21/2014,183,Deaths_Guinea,635.0
1025,9/20/2014,182,Deaths_Guinea,
1026,9/19/2014,181,Deaths_Guinea,632.0
1027,9/17/2014,179,Deaths_Guinea,
1028,9/14/2014,176,Deaths_Guinea,601.0
1029,9/13/2014,175,Deaths_Guinea,595.0
1030,9/10/2014,172,Deaths_Guinea,568.0
1031,9/9/2014,171,Deaths_Guinea,
1032,9/7/2014,169,Deaths_Guinea,557.0
1033,9/5/2014,167,Deaths_Guinea,517.0
1034,8/31/2014,162,Deaths_Guinea,494.0
1035,8/26/2014,157,Deaths_Guinea,430.0
1036,8/20/2014,151,Deaths_Guinea,406.0
1037,8/18/2014,149,Deaths_Guinea,396.0
1038,8/16/2014,147,Deaths_Guinea,394.0
1039,8/13/2014,144,Deaths_Guinea,380.0
1040,8/11/2014,142,Deaths_Guinea,377.0
1041,8/9/2014,140,Deaths_Guinea,373.0
1042,8/6/2014,137,Deaths_Guinea,367.0
1043,8/4/2014,135,Deaths_Guinea,363.0
1044,8/1/2014,132,Deaths_Guinea,358.0
1045,7/30/2014,129,Deaths_Guinea,346.0
1046,7/27/2014,126,Deaths_Guinea,339.0
1047,7/23/2014,123,Deaths_Guinea,319.0
1048,7/20/2014,120,Deaths_Guinea,314.0
1049,7/17/2014,117,Deaths_Guinea,310.0
1050,7/14/2014,114,Deaths_Guinea,310.0
1051,7/12/2014,112,Deaths_Guinea,304.0
1052,7/8/2014,108,Deaths_Guinea,309.0
1053,7/6/2014,106,Deaths_Guinea,307.0
1054,7/2/2014,102,Deaths_Guinea,305.0
1055,6/30/2014,100,Deaths_Guinea,303.0
1056,6/22/2014,92,Deaths_Guinea,
1057,6/20/2014,90,Deaths_Guinea,270.0
1058,6/19/2014,89,Deaths_Guinea,
1059,6/18/2014,88,Deaths_Guinea,267.0
1060,6/17/2014,87,Deaths_Guinea,
1061,6/16/2014,86,Deaths_Guinea,264.0
1062,6/10/2014,80,Deaths_Guinea,226.0
1063,6/5/2014,75,Deaths_Guinea,
1064,6/3/2014,73,Deaths_Guinea,215.0
1065,6/1/2014,71,Deaths_Guinea,208.0
1066,5/28/2014,67,Deaths_Guinea,193.0
1067,5/27/2014,66,Deaths_Guinea,186.0
1068,5/23/2014,62,Deaths_Guinea,174.0
1069,5/12/2014,51,Deaths_Guinea,171.0
1070,5/10/2014,49,Deaths_Guinea,157.0
1071,5/7/2014,46,Deaths_Guinea,158.0
1072,5/5/2014,44,Deaths_Guinea,157.0
1073,5/3/2014,42,Deaths_Guinea,155.0
1074,5/1/2014,40,Deaths_Guinea,149.0
1075,4/26/2014,35,Deaths_Guinea,143.0
1076,4/24/2014,33,Deaths_Guinea,
1077,4/23/2014,32,Deaths_Guinea,141.0
1078,4/22/2014,31,Deaths_Guinea,
1079,4/21/2014,30,Deaths_Guinea,
1080,4/20/2014,29,Deaths_Guinea,136.0
1081,4/17/2014,26,Deaths_Guinea,129.0
1082,4/16/2014,25,Deaths_Guinea,122.0
1083,4/15/2014,24,Deaths_Guinea,
1084,4/14/2014,23,Deaths_Guinea,108.0
1085,4/11/2014,20,Deaths_Guinea,106.0
1086,4/9/2014,18,Deaths_Guinea,101.0
1087,4/7/2014,16,Deaths_Guinea,95.0
1088,4/4/2014,13,Deaths_Guinea,86.0
1089,4/1/2014,10,Deaths_Guinea,83.0
1090,3/31/2014,9,Deaths_Guinea,80.0
1091,3/29/2014,7,Deaths_Guinea,70.0
1092,3/28/2014,6,Deaths_Guinea,70.0
1093,3/27/2014,5,Deaths_Guinea,66.0
1094,3/26/2014,4,Deaths_Guinea,62.0
1095,3/25/2014,3,Deaths_Guinea,60.0
1096,3/24/2014,2,Deaths_Guinea,59.0
1097,3/22/2014,0,Deaths_Guinea,29.0
1098,1/5/2015,289,Deaths_Liberia,
1099,1/4/2015,288,Deaths_Liberia,
1100,1/3/2015,287,Deaths_Liberia,3496.0
1101,1/2/2015,286,Deaths_Liberia,3496.0
1102,12/31/2014,284,Deaths_Liberia,3471.0
1103,12/28/2014,281,Deaths_Liberia,3423.0
1104,12/27/2014,280,Deaths_Liberia,
1105,12/24/2014,277,Deaths_Liberia,3413.0
1106,12/21/2014,273,Deaths_Liberia,
1107,12/20/2014,272,Deaths_Liberia,3384.0
1108,12/18/2014,271,Deaths_Liberia,3376.0
1109,12/14/2014,267,Deaths_Liberia,
1110,12/9/2014,262,Deaths_Liberia,3290.0
1111,12/7/2014,260,Deaths_Liberia,
1112,12/3/2014,256,Deaths_Liberia,3177.0
1113,11/30/2014,253,Deaths_Liberia,
1114,11/28/2014,251,Deaths_Liberia,3145.0
1115,11/23/2014,246,Deaths_Liberia,
1116,11/22/2014,245,Deaths_Liberia,3016.0
1117,11/18/2014,241,Deaths_Liberia,2963.0
1118,11/16/2014,239,Deaths_Liberia,
1119,11/15/2014,238,Deaths_Liberia,2964.0
1120,11/11/2014,234,Deaths_Liberia,
1121,11/10/2014,233,Deaths_Liberia,2812.0
1122,11/9/2014,232,Deaths_Liberia,
1123,11/8/2014,231,Deaths_Liberia,2836.0
1124,11/4/2014,227,Deaths_Liberia,2766.0
1125,11/3/2014,226,Deaths_Liberia,
1126,11/2/2014,225,Deaths_Liberia,
1127,10/31/2014,222,Deaths_Liberia,2697.0
1128,10/29/2014,220,Deaths_Liberia,
1129,10/27/2014,218,Deaths_Liberia,
1130,10/25/2014,216,Deaths_Liberia,2413.0
1131,10/22/2014,214,Deaths_Liberia,
1132,10/21/2014,213,Deaths_Liberia,
1133,10/19/2014,211,Deaths_Liberia,
1134,10/18/2014,210,Deaths_Liberia,2705.0
1135,10/14/2014,206,Deaths_Liberia,
1136,10/13/2014,205,Deaths_Liberia,2484.0
1137,10/12/2014,204,Deaths_Liberia,
1138,10/11/2014,203,Deaths_Liberia,2458.0
1139,10/8/2014,200,Deaths_Liberia,
1140,10/7/2014,199,Deaths_Liberia,2316.0
1141,10/5/2014,197,Deaths_Liberia,
1142,10/4/2014,196,Deaths_Liberia,2210.0
1143,10/1/2014,193,Deaths_Liberia,2069.0
1144,9/28/2014,190,Deaths_Liberia,1998.0
1145,9/23/2014,185,Deaths_Liberia,1830.0
1146,9/21/2014,183,Deaths_Liberia,1677.0
1147,9/20/2014,182,Deaths_Liberia,
1148,9/19/2014,181,Deaths_Liberia,
1149,9/17/2014,179,Deaths_Liberia,1578.0
1150,9/14/2014,176,Deaths_Liberia,1459.0
1151,9/13/2014,175,Deaths_Liberia,1296.0
1152,9/10/2014,172,Deaths_Liberia,
1153,9/9/2014,171,Deaths_Liberia,
1154,9/7/2014,169,Deaths_Liberia,1137.0
1155,9/5/2014,167,Deaths_Liberia,1089.0
1156,8/31/2014,162,Deaths_Liberia,871.0
1157,8/26/2014,157,Deaths_Liberia,694.0
1158,8/20/2014,151,Deaths_Liberia,624.0
1159,8/18/2014,149,Deaths_Liberia,576.0
1160,8/16/2014,147,Deaths_Liberia,466.0
1161,8/13/2014,144,Deaths_Liberia,413.0
1162,8/11/2014,142,Deaths_Liberia,355.0
1163,8/9/2014,140,Deaths_Liberia,323.0
1164,8/6/2014,137,Deaths_Liberia,294.0
1165,8/4/2014,135,Deaths_Liberia,282.0
1166,8/1/2014,132,Deaths_Liberia,255.0
1167,7/30/2014,129,Deaths_Liberia,227.0
1168,7/27/2014,126,Deaths_Liberia,156.0
1169,7/23/2014,123,Deaths_Liberia,129.0
1170,7/20/2014,120,Deaths_Liberia,127.0
1171,7/17/2014,117,Deaths_Liberia,116.0
1172,7/14/2014,114,Deaths_Liberia,106.0
1173,7/12/2014,112,Deaths_Liberia,105.0
1174,7/8/2014,108,Deaths_Liberia,88.0
1175,7/6/2014,106,Deaths_Liberia,84.0
1176,7/2/2014,102,Deaths_Liberia,75.0
1177,6/30/2014,100,Deaths_Liberia,65.0
1178,6/22/2014,92,Deaths_Liberia,34.0
1179,6/20/2014,90,Deaths_Liberia,
1180,6/19/2014,89,Deaths_Liberia,25.0
1181,6/18/2014,88,Deaths_Liberia,
1182,6/17/2014,87,Deaths_Liberia,
1183,6/16/2014,86,Deaths_Liberia,24.0
1184,6/10/2014,80,Deaths_Liberia,24.0
1185,6/5/2014,75,Deaths_Liberia,
1186,6/3/2014,73,Deaths_Liberia,12.0
1187,6/1/2014,71,Deaths_Liberia,12.0
1188,5/28/2014,67,Deaths_Liberia,12.0
1189,5/27/2014,66,Deaths_Liberia,11.0
1190,5/23/2014,62,Deaths_Liberia,11.0
1191,5/12/2014,51,Deaths_Liberia,11.0
1192,5/10/2014,49,Deaths_Liberia,11.0
1193,5/7/2014,46,Deaths_Liberia,11.0
1194,5/5/2014,44,Deaths_Liberia,11.0
1195,5/3/2014,42,Deaths_Liberia,11.0
1196,5/1/2014,40,Deaths_Liberia,11.0
1197,4/26/2014,35,Deaths_Liberia,
1198,4/24/2014,33,Deaths_Liberia,
1199,4/23/2014,32,Deaths_Liberia,
1200,4/22/2014,31,Deaths_Liberia,
1201,4/21/2014,30,Deaths_Liberia,11.0
1202,4/20/2014,29,Deaths_Liberia,6.0
1203,4/17/2014,26,Deaths_Liberia,
1204,4/16/2014,25,Deaths_Liberia,13.0
1205,4/15/2014,24,Deaths_Liberia,
1206,4/14/2014,23,Deaths_Liberia,
1207,4/11/2014,20,Deaths_Liberia,13.0
1208,4/9/2014,18,Deaths_Liberia,12.0
1209,4/7/2014,16,Deaths_Liberia,10.0
1210,4/4/2014,13,Deaths_Liberia,7.0
1211,4/1/2014,10,Deaths_Liberia,5.0
1212,3/31/2014,9,Deaths_Liberia,4.0
1213,3/29/2014,7,Deaths_Liberia,2.0
1214,3/28/2014,6,Deaths_Liberia,3.0
1215,3/27/2014,5,Deaths_Liberia,6.0
1216,3/26/2014,4,Deaths_Liberia,
1217,3/25/2014,3,Deaths_Liberia,
1218,3/24/2014,2,Deaths_Liberia,
1219,3/22/2014,0,Deaths_Liberia,
1220,1/5/2015,289,Deaths_SierraLeone,2977.0
1221,1/4/2015,288,Deaths_SierraLeone,2943.0
1222,1/3/2015,287,Deaths_SierraLeone,2915.0
1223,1/2/2015,286,Deaths_SierraLeone,
1224,12/31/2014,284,Deaths_SierraLeone,2827.0
1225,12/28/2014,281,Deaths_SierraLeone,2758.0
1226,12/27/2014,280,Deaths_SierraLeone,2732.0
1227,12/24/2014,277,Deaths_SierraLeone,2655.0
1228,12/21/2014,273,Deaths_SierraLeone,2582.0
1229,12/20/2014,272,Deaths_SierraLeone,2556.0
1230,12/18/2014,271,Deaths_SierraLeone,
1231,12/14/2014,267,Deaths_SierraLeone,2085.0
1232,12/9/2014,262,Deaths_SierraLeone,
1233,12/7/2014,260,Deaths_SierraLeone,1768.0
1234,12/3/2014,256,Deaths_SierraLeone,
1235,11/30/2014,253,Deaths_SierraLeone,1583.0
1236,11/28/2014,251,Deaths_SierraLeone,
1237,11/23/2014,246,Deaths_SierraLeone,1398.0
1238,11/22/2014,245,Deaths_SierraLeone,
1239,11/18/2014,241,Deaths_SierraLeone,1267.0
1240,11/16/2014,239,Deaths_SierraLeone,1250.0
1241,11/15/2014,238,Deaths_SierraLeone,
1242,11/11/2014,234,Deaths_SierraLeone,1187.0
1243,11/10/2014,233,Deaths_SierraLeone,
1244,11/9/2014,232,Deaths_SierraLeone,1169.0
1245,11/8/2014,231,Deaths_SierraLeone,
1246,11/4/2014,227,Deaths_SierraLeone,1130.0
1247,11/3/2014,226,Deaths_SierraLeone,
1248,11/2/2014,225,Deaths_SierraLeone,1070.0
1249,10/31/2014,222,Deaths_SierraLeone,
1250,10/29/2014,220,Deaths_SierraLeone,1510.0
1251,10/27/2014,218,Deaths_SierraLeone,1500.0
1252,10/25/2014,216,Deaths_SierraLeone,
1253,10/22/2014,214,Deaths_SierraLeone,1281.0
1254,10/21/2014,213,Deaths_SierraLeone,
1255,10/19/2014,211,Deaths_SierraLeone,1259.0
1256,10/18/2014,210,Deaths_SierraLeone,
1257,10/14/2014,206,Deaths_SierraLeone,1200.0
1258,10/13/2014,205,Deaths_SierraLeone,
1259,10/12/2014,204,Deaths_SierraLeone,1183.0
1260,10/11/2014,203,Deaths_SierraLeone,
1261,10/8/2014,200,Deaths_SierraLeone,930.0
1262,10/7/2014,199,Deaths_SierraLeone,
1263,10/5/2014,197,Deaths_SierraLeone,879.0
1264,10/4/2014,196,Deaths_SierraLeone,
1265,10/1/2014,193,Deaths_SierraLeone,623.0
1266,9/28/2014,190,Deaths_SierraLeone,622.0
1267,9/23/2014,185,Deaths_SierraLeone,605.0
1268,9/21/2014,183,Deaths_SierraLeone,597.0
1269,9/20/2014,182,Deaths_SierraLeone,593.0
1270,9/19/2014,181,Deaths_SierraLeone,
1271,9/17/2014,179,Deaths_SierraLeone,
1272,9/14/2014,176,Deaths_SierraLeone,562.0
1273,9/13/2014,175,Deaths_SierraLeone,562.0
1274,9/10/2014,172,Deaths_SierraLeone,536.0
1275,9/9/2014,171,Deaths_SierraLeone,
1276,9/7/2014,169,Deaths_SierraLeone,524.0
1277,9/5/2014,167,Deaths_SierraLeone,491.0
1278,8/31/2014,162,Deaths_SierraLeone,476.0
1279,8/26/2014,157,Deaths_SierraLeone,422.0
1280,8/20/2014,151,Deaths_SierraLeone,392.0
1281,8/18/2014,149,Deaths_SierraLeone,374.0
1282,8/16/2014,147,Deaths_SierraLeone,365.0
1283,8/13/2014,144,Deaths_SierraLeone,348.0
1284,8/11/2014,142,Deaths_SierraLeone,334.0
1285,8/9/2014,140,Deaths_SierraLeone,315.0
1286,8/6/2014,137,Deaths_SierraLeone,298.0
1287,8/4/2014,135,Deaths_SierraLeone,286.0
1288,8/1/2014,132,Deaths_SierraLeone,273.0
1289,7/30/2014,129,Deaths_SierraLeone,252.0
1290,7/27/2014,126,Deaths_SierraLeone,233.0
1291,7/23/2014,123,Deaths_SierraLeone,224.0
1292,7/20/2014,120,Deaths_SierraLeone,219.0
1293,7/17/2014,117,Deaths_SierraLeone,206.0
1294,7/14/2014,114,Deaths_SierraLeone,197.0
1295,7/12/2014,112,Deaths_SierraLeone,194.0
1296,7/8/2014,108,Deaths_SierraLeone,142.0
1297,7/6/2014,106,Deaths_SierraLeone,127.0
1298,7/2/2014,102,Deaths_SierraLeone,101.0
1299,6/30/2014,100,Deaths_SierraLeone,99.0
1300,6/22/2014,92,Deaths_SierraLeone,
1301,6/20/2014,90,Deaths_SierraLeone,34.0
1302,6/19/2014,89,Deaths_SierraLeone,
1303,6/18/2014,88,Deaths_SierraLeone,28.0
1304,6/17/2014,87,Deaths_SierraLeone,49.0
1305,6/16/2014,86,Deaths_SierraLeone,
1306,6/10/2014,80,Deaths_SierraLeone,7.0
1307,6/5/2014,75,Deaths_SierraLeone,6.0
1308,6/3/2014,73,Deaths_SierraLeone,6.0
1309,6/1/2014,71,Deaths_SierraLeone,6.0
1310,5/28/2014,67,Deaths_SierraLeone,6.0
1311,5/27/2014,66,Deaths_SierraLeone,5.0
1312,5/23/2014,62,Deaths_SierraLeone,0.0
1313,5/12/2014,51,Deaths_SierraLeone,0.0
1314,5/10/2014,49,Deaths_SierraLeone,0.0
1315,5/7/2014,46,Deaths_SierraLeone,0.0
1316,5/5/2014,44,Deaths_SierraLeone,0.0
1317,5/3/2014,42,Deaths_SierraLeone,0.0
1318,5/1/2014,40,Deaths_SierraLeone,0.0
1319,4/26/2014,35,Deaths_SierraLeone,0.0
1320,4/24/2014,33,Deaths_SierraLeone,0.0
1321,4/23/2014,32,Deaths_SierraLeone,0.0
1322,4/22/2014,31,Deaths_SierraLeone,0.0
1323,4/21/2014,30,Deaths_SierraLeone,
1324,4/20/2014,29,Deaths_SierraLeone,
1325,4/17/2014,26,Deaths_SierraLeone,
1326,4/16/2014,25,Deaths_SierraLeone,
1327,4/15/2014,24,Deaths_SierraLeone,
1328,4/14/2014,23,Deaths_SierraLeone,
1329,4/11/2014,20,Deaths_SierraLeone,2.0
1330,4/9/2014,18,Deaths_SierraLeone,2.0
1331,4/7/2014,16,Deaths_SierraLeone,2.0
1332,4/4/2014,13,Deaths_SierraLeone,2.0
1333,4/1/2014,10,Deaths_SierraLeone,2.0
1334,3/31/2014,9,Deaths_SierraLeone,2.0
1335,3/29/2014,7,Deaths_SierraLeone,
1336,3/28/2014,6,Deaths_SierraLeone,2.0
1337,3/27/2014,5,Deaths_SierraLeone,5.0
1338,3/26/2014,4,Deaths_SierraLeone,
1339,3/25/2014,3,Deaths_SierraLeone,
1340,3/24/2014,2,Deaths_SierraLeone,
1341,3/22/2014,0,Deaths_SierraLeone,
1342,1/5/2015,289,Deaths_Nigeria,
1343,1/4/2015,288,Deaths_Nigeria,
1344,1/3/2015,287,Deaths_Nigeria,
1345,1/2/2015,286,Deaths_Nigeria,
1346,12/31/2014,284,Deaths_Nigeria,
1347,12/28/2014,281,Deaths_Nigeria,
1348,12/27/2014,280,Deaths_Nigeria,
1349,12/24/2014,277,Deaths_Nigeria,
1350,12/21/2014,273,Deaths_Nigeria,
1351,12/20/2014,272,Deaths_Nigeria,
1352,12/18/2014,271,Deaths_Nigeria,
1353,12/14/2014,267,Deaths_Nigeria,
1354,12/9/2014,262,Deaths_Nigeria,
1355,12/7/2014,260,Deaths_Nigeria,8.0
1356,12/3/2014,256,Deaths_Nigeria,
1357,11/30/2014,253,Deaths_Nigeria,8.0
1358,11/28/2014,251,Deaths_Nigeria,
1359,11/23/2014,246,Deaths_Nigeria,8.0
1360,11/22/2014,245,Deaths_Nigeria,
1361,11/18/2014,241,Deaths_Nigeria,8.0
1362,11/16/2014,239,Deaths_Nigeria,8.0
1363,11/15/2014,238,Deaths_Nigeria,
1364,11/11/2014,234,Deaths_Nigeria,8.0
1365,11/10/2014,233,Deaths_Nigeria,
1366,11/9/2014,232,Deaths_Nigeria,8.0
1367,11/8/2014,231,Deaths_Nigeria,
1368,11/4/2014,227,Deaths_Nigeria,8.0
1369,11/3/2014,226,Deaths_Nigeria,
1370,11/2/2014,225,Deaths_Nigeria,8.0
1371,10/31/2014,222,Deaths_Nigeria,
1372,10/29/2014,220,Deaths_Nigeria,8.0
1373,10/27/2014,218,Deaths_Nigeria,8.0
1374,10/25/2014,216,Deaths_Nigeria,
1375,10/22/2014,214,Deaths_Nigeria,
1376,10/21/2014,213,Deaths_Nigeria,
1377,10/19/2014,211,Deaths_Nigeria,8.0
1378,10/18/2014,210,Deaths_Nigeria,
1379,10/14/2014,206,Deaths_Nigeria,8.0
1380,10/13/2014,205,Deaths_Nigeria,
1381,10/12/2014,204,Deaths_Nigeria,8.0
1382,10/11/2014,203,Deaths_Nigeria,
1383,10/8/2014,200,Deaths_Nigeria,8.0
1384,10/7/2014,199,Deaths_Nigeria,
1385,10/5/2014,197,Deaths_Nigeria,8.0
1386,10/4/2014,196,Deaths_Nigeria,
1387,10/1/2014,193,Deaths_Nigeria,8.0
1388,9/28/2014,190,Deaths_Nigeria,8.0
1389,9/23/2014,185,Deaths_Nigeria,8.0
1390,9/21/2014,183,Deaths_Nigeria,8.0
1391,9/20/2014,182,Deaths_Nigeria,
1392,9/19/2014,181,Deaths_Nigeria,
1393,9/17/2014,179,Deaths_Nigeria,
1394,9/14/2014,176,Deaths_Nigeria,
1395,9/13/2014,175,Deaths_Nigeria,8.0
1396,9/10/2014,172,Deaths_Nigeria,8.0
1397,9/9/2014,171,Deaths_Nigeria,
1398,9/7/2014,169,Deaths_Nigeria,8.0
1399,9/5/2014,167,Deaths_Nigeria,8.0
1400,8/31/2014,162,Deaths_Nigeria,7.0
1401,8/26/2014,157,Deaths_Nigeria,6.0
1402,8/20/2014,151,Deaths_Nigeria,5.0
1403,8/18/2014,149,Deaths_Nigeria,4.0
1404,8/16/2014,147,Deaths_Nigeria,4.0
1405,8/13/2014,144,Deaths_Nigeria,4.0
1406,8/11/2014,142,Deaths_Nigeria,3.0
1407,8/9/2014,140,Deaths_Nigeria,2.0
1408,8/6/2014,137,Deaths_Nigeria,2.0
1409,8/4/2014,135,Deaths_Nigeria,1.0
1410,8/1/2014,132,Deaths_Nigeria,1.0
1411,7/30/2014,129,Deaths_Nigeria,1.0
1412,7/27/2014,126,Deaths_Nigeria,1.0
1413,7/23/2014,123,Deaths_Nigeria,0.0
1414,7/20/2014,120,Deaths_Nigeria,
1415,7/17/2014,117,Deaths_Nigeria,
1416,7/14/2014,114,Deaths_Nigeria,
1417,7/12/2014,112,Deaths_Nigeria,
1418,7/8/2014,108,Deaths_Nigeria,
1419,7/6/2014,106,Deaths_Nigeria,
1420,7/2/2014,102,Deaths_Nigeria,
1421,6/30/2014,100,Deaths_Nigeria,
1422,6/22/2014,92,Deaths_Nigeria,
1423,6/20/2014,90,Deaths_Nigeria,
1424,6/19/2014,89,Deaths_Nigeria,
1425,6/18/2014,88,Deaths_Nigeria,
1426,6/17/2014,87,Deaths_Nigeria,
1427,6/16/2014,86,Deaths_Nigeria,
1428,6/10/2014,80,Deaths_Nigeria,
1429,6/5/2014,75,Deaths_Nigeria,
1430,6/3/2014,73,Deaths_Nigeria,
1431,6/1/2014,71,Deaths_Nigeria,
1432,5/28/2014,67,Deaths_Nigeria,
1433,5/27/2014,66,Deaths_Nigeria,
1434,5/23/2014,62,Deaths_Nigeria,
1435,5/12/2014,51,Deaths_Nigeria,
1436,5/10/2014,49,Deaths_Nigeria,
1437,5/7/2014,46,Deaths_Nigeria,
1438,5/5/2014,44,Deaths_Nigeria,
1439,5/3/2014,42,Deaths_Nigeria,
1440,5/1/2014,40,Deaths_Nigeria,
1441,4/26/2014,35,Deaths_Nigeria,
1442,4/24/2014,33,Deaths_Nigeria,
1443,4/23/2014,32,Deaths_Nigeria,
1444,4/22/2014,31,Deaths_Nigeria,
1445,4/21/2014,30,Deaths_Nigeria,
1446,4/20/2014,29,Deaths_Nigeria,
1447,4/17/2014,26,Deaths_Nigeria,
1448,4/16/2014,25,Deaths_Nigeria,
1449,4/15/2014,24,Deaths_Nigeria,
1450,4/14/2014,23,Deaths_Nigeria,
1451,4/11/2014,20,Deaths_Nigeria,
1452,4/9/2014,18,Deaths_Nigeria,
1453,4/7/2014,16,Deaths_Nigeria,
1454,4/4/2014,13,Deaths_Nigeria,
1455,4/1/2014,10,Deaths_Nigeria,
1456,3/31/2014,9,Deaths_Nigeria,
1457,3/29/2014,7,Deaths_Nigeria,
1458,3/28/2014,6,Deaths_Nigeria,
1459,3/27/2014,5,Deaths_Nigeria,
1460,3/26/2014,4,Deaths_Nigeria,
1461,3/25/2014,3,Deaths_Nigeria,
1462,3/24/2014,2,Deaths_Nigeria,
1463,3/22/2014,0,Deaths_Nigeria,
1464,1/5/2015,289,Deaths_Senegal,
1465,1/4/2015,288,Deaths_Senegal,
1466,1/3/2015,287,Deaths_Senegal,
1467,1/2/2015,286,Deaths_Senegal,
1468,12/31/2014,284,Deaths_Senegal,
1469,12/28/2014,281,Deaths_Senegal,
1470,12/27/2014,280,Deaths_Senegal,
1471,12/24/2014,277,Deaths_Senegal,
1472,12/21/2014,273,Deaths_Senegal,
1473,12/20/2014,272,Deaths_Senegal,
1474,12/18/2014,271,Deaths_Senegal,
1475,12/14/2014,267,Deaths_Senegal,
1476,12/9/2014,262,Deaths_Senegal,
1477,12/7/2014,260,Deaths_Senegal,0.0
1478,12/3/2014,256,Deaths_Senegal,
1479,11/30/2014,253,Deaths_Senegal,0.0
1480,11/28/2014,251,Deaths_Senegal,
1481,11/23/2014,246,Deaths_Senegal,0.0
1482,11/22/2014,245,Deaths_Senegal,
1483,11/18/2014,241,Deaths_Senegal,0.0
1484,11/16/2014,239,Deaths_Senegal,0.0
1485,11/15/2014,238,Deaths_Senegal,
1486,11/11/2014,234,Deaths_Senegal,0.0
1487,11/10/2014,233,Deaths_Senegal,
1488,11/9/2014,232,Deaths_Senegal,0.0
1489,11/8/2014,231,Deaths_Senegal,
1490,11/4/2014,227,Deaths_Senegal,0.0
1491,11/3/2014,226,Deaths_Senegal,
1492,11/2/2014,225,Deaths_Senegal,0.0
1493,10/31/2014,222,Deaths_Senegal,
1494,10/29/2014,220,Deaths_Senegal,0.0
1495,10/27/2014,218,Deaths_Senegal,0.0
1496,10/25/2014,216,Deaths_Senegal,
1497,10/22/2014,214,Deaths_Senegal,
1498,10/21/2014,213,Deaths_Senegal,
1499,10/19/2014,211,Deaths_Senegal,0.0
1500,10/18/2014,210,Deaths_Senegal,
1501,10/14/2014,206,Deaths_Senegal,0.0
1502,10/13/2014,205,Deaths_Senegal,
1503,10/12/2014,204,Deaths_Senegal,0.0
1504,10/11/2014,203,Deaths_Senegal,
1505,10/8/2014,200,Deaths_Senegal,0.0
1506,10/7/2014,199,Deaths_Senegal,
1507,10/5/2014,197,Deaths_Senegal,0.0
1508,10/4/2014,196,Deaths_Senegal,
1509,10/1/2014,193,Deaths_Senegal,0.0
1510,9/28/2014,190,Deaths_Senegal,0.0
1511,9/23/2014,185,Deaths_Senegal,0.0
1512,9/21/2014,183,Deaths_Senegal,0.0
1513,9/20/2014,182,Deaths_Senegal,
1514,9/19/2014,181,Deaths_Senegal,
1515,9/17/2014,179,Deaths_Senegal,
1516,9/14/2014,176,Deaths_Senegal,
1517,9/13/2014,175,Deaths_Senegal,0.0
1518,9/10/2014,172,Deaths_Senegal,
1519,9/9/2014,171,Deaths_Senegal,
1520,9/7/2014,169,Deaths_Senegal,0.0
1521,9/5/2014,167,Deaths_Senegal,
1522,8/31/2014,162,Deaths_Senegal,
1523,8/26/2014,157,Deaths_Senegal,
1524,8/20/2014,151,Deaths_Senegal,
1525,8/18/2014,149,Deaths_Senegal,
1526,8/16/2014,147,Deaths_Senegal,
1527,8/13/2014,144,Deaths_Senegal,
1528,8/11/2014,142,Deaths_Senegal,
1529,8/9/2014,140,Deaths_Senegal,
1530,8/6/2014,137,Deaths_Senegal,
1531,8/4/2014,135,Deaths_Senegal,
1532,8/1/2014,132,Deaths_Senegal,
1533,7/30/2014,129,Deaths_Senegal,
1534,7/27/2014,126,Deaths_Senegal,
1535,7/23/2014,123,Deaths_Senegal,
1536,7/20/2014,120,Deaths_Senegal,
1537,7/17/2014,117,Deaths_Senegal,
1538,7/14/2014,114,Deaths_Senegal,
1539,7/12/2014,112,Deaths_Senegal,
1540,7/8/2014,108,Deaths_Senegal,
1541,7/6/2014,106,Deaths_Senegal,
1542,7/2/2014,102,Deaths_Senegal,
1543,6/30/2014,100,Deaths_Senegal,
1544,6/22/2014,92,Deaths_Senegal,
1545,6/20/2014,90,Deaths_Senegal,
1546,6/19/2014,89,Deaths_Senegal,
1547,6/18/2014,88,Deaths_Senegal,
1548,6/17/2014,87,Deaths_Senegal,
1549,6/16/2014,86,Deaths_Senegal,
1550,6/10/2014,80,Deaths_Senegal,
1551,6/5/2014,75,Deaths_Senegal,
1552,6/3/2014,73,Deaths_Senegal,
1553,6/1/2014,71,Deaths_Senegal,
1554,5/28/2014,67,Deaths_Senegal,
1555,5/27/2014,66,Deaths_Senegal,
1556,5/23/2014,62,Deaths_Senegal,
1557,5/12/2014,51,Deaths_Senegal,
1558,5/10/2014,49,Deaths_Senegal,
1559,5/7/2014,46,Deaths_Senegal,
1560,5/5/2014,44,Deaths_Senegal,
1561,5/3/2014,42,Deaths_Senegal,
1562,5/1/2014,40,Deaths_Senegal,
1563,4/26/2014,35,Deaths_Senegal,
1564,4/24/2014,33,Deaths_Senegal,
1565,4/23/2014,32,Deaths_Senegal,
1566,4/22/2014,31,Deaths_Senegal,
1567,4/21/2014,30,Deaths_Senegal,
1568,4/20/2014,29,Deaths_Senegal,
1569,4/17/2014,26,Deaths_Senegal,
1570,4/16/2014,25,Deaths_Senegal,
1571,4/15/2014,24,Deaths_Senegal,
1572,4/14/2014,23,Deaths_Senegal,
1573,4/11/2014,20,Deaths_Senegal,
1574,4/9/2014,18,Deaths_Senegal,
1575,4/7/2014,16,Deaths_Senegal,
1576,4/4/2014,13,Deaths_Senegal,
1577,4/1/2014,10,Deaths_Senegal,
1578,3/31/2014,9,Deaths_Senegal,
1579,3/29/2014,7,Deaths_Senegal,
1580,3/28/2014,6,Deaths_Senegal,
1581,3/27/2014,5,Deaths_Senegal,
1582,3/26/2014,4,Deaths_Senegal,
1583,3/25/2014,3,Deaths_Senegal,
1584,3/24/2014,2,Deaths_Senegal,
1585,3/22/2014,0,Deaths_Senegal,
1586,1/5/2015,289,Deaths_UnitedStates,
1587,1/4/2015,288,Deaths_UnitedStates,
1588,1/3/2015,287,Deaths_UnitedStates,
1589,1/2/2015,286,Deaths_UnitedStates,
1590,12/31/2014,284,Deaths_UnitedStates,
1591,12/28/2014,281,Deaths_UnitedStates,
1592,12/27/2014,280,Deaths_UnitedStates,
1593,12/24/2014,277,Deaths_UnitedStates,
1594,12/21/2014,273,Deaths_UnitedStates,
1595,12/20/2014,272,Deaths_UnitedStates,
1596,12/18/2014,271,Deaths_UnitedStates,
1597,12/14/2014,267,Deaths_UnitedStates,
1598,12/9/2014,262,Deaths_UnitedStates,
1599,12/7/2014,260,Deaths_UnitedStates,1.0
1600,12/3/2014,256,Deaths_UnitedStates,
1601,11/30/2014,253,Deaths_UnitedStates,1.0
1602,11/28/2014,251,Deaths_UnitedStates,
1603,11/23/2014,246,Deaths_UnitedStates,1.0
1604,11/22/2014,245,Deaths_UnitedStates,
1605,11/18/2014,241,Deaths_UnitedStates,1.0
1606,11/16/2014,239,Deaths_UnitedStates,1.0
1607,11/15/2014,238,Deaths_UnitedStates,
1608,11/11/2014,234,Deaths_UnitedStates,1.0
1609,11/10/2014,233,Deaths_UnitedStates,
1610,11/9/2014,232,Deaths_UnitedStates,1.0
1611,11/8/2014,231,Deaths_UnitedStates,
1612,11/4/2014,227,Deaths_UnitedStates,1.0
1613,11/3/2014,226,Deaths_UnitedStates,
1614,11/2/2014,225,Deaths_UnitedStates,1.0
1615,10/31/2014,222,Deaths_UnitedStates,
1616,10/29/2014,220,Deaths_UnitedStates,1.0
1617,10/27/2014,218,Deaths_UnitedStates,1.0
1618,10/25/2014,216,Deaths_UnitedStates,
1619,10/22/2014,214,Deaths_UnitedStates,1.0
1620,10/21/2014,213,Deaths_UnitedStates,
1621,10/19/2014,211,Deaths_UnitedStates,1.0
1622,10/18/2014,210,Deaths_UnitedStates,
1623,10/14/2014,206,Deaths_UnitedStates,0.0
1624,10/13/2014,205,Deaths_UnitedStates,
1625,10/12/2014,204,Deaths_UnitedStates,1.0
1626,10/11/2014,203,Deaths_UnitedStates,
1627,10/8/2014,200,Deaths_UnitedStates,1.0
1628,10/7/2014,199,Deaths_UnitedStates,
1629,10/5/2014,197,Deaths_UnitedStates,0.0
1630,10/4/2014,196,Deaths_UnitedStates,
1631,10/1/2014,193,Deaths_UnitedStates,0.0
1632,9/28/2014,190,Deaths_UnitedStates,
1633,9/23/2014,185,Deaths_UnitedStates,
1634,9/21/2014,183,Deaths_UnitedStates,
1635,9/20/2014,182,Deaths_UnitedStates,
1636,9/19/2014,181,Deaths_UnitedStates,
1637,9/17/2014,179,Deaths_UnitedStates,
1638,9/14/2014,176,Deaths_UnitedStates,
1639,9/13/2014,175,Deaths_UnitedStates,
1640,9/10/2014,172,Deaths_UnitedStates,
1641,9/9/2014,171,Deaths_UnitedStates,
1642,9/7/2014,169,Deaths_UnitedStates,
1643,9/5/2014,167,Deaths_UnitedStates,
1644,8/31/2014,162,Deaths_UnitedStates,
1645,8/26/2014,157,Deaths_UnitedStates,
1646,8/20/2014,151,Deaths_UnitedStates,
1647,8/18/2014,149,Deaths_UnitedStates,
1648,8/16/2014,147,Deaths_UnitedStates,
1649,8/13/2014,144,Deaths_UnitedStates,
1650,8/11/2014,142,Deaths_UnitedStates,
1651,8/9/2014,140,Deaths_UnitedStates,
1652,8/6/2014,137,Deaths_UnitedStates,
1653,8/4/2014,135,Deaths_UnitedStates,
1654,8/1/2014,132,Deaths_UnitedStates,
1655,7/30/2014,129,Deaths_UnitedStates,
1656,7/27/2014,126,Deaths_UnitedStates,
1657,7/23/2014,123,Deaths_UnitedStates,
1658,7/20/2014,120,Deaths_UnitedStates,
1659,7/17/2014,117,Deaths_UnitedStates,
1660,7/14/2014,114,Deaths_UnitedStates,
1661,7/12/2014,112,Deaths_UnitedStates,
1662,7/8/2014,108,Deaths_UnitedStates,
1663,7/6/2014,106,Deaths_UnitedStates,
1664,7/2/2014,102,Deaths_UnitedStates,
1665,6/30/2014,100,Deaths_UnitedStates,
1666,6/22/2014,92,Deaths_UnitedStates,
1667,6/20/2014,90,Deaths_UnitedStates,
1668,6/19/2014,89,Deaths_UnitedStates,
1669,6/18/2014,88,Deaths_UnitedStates,
1670,6/17/2014,87,Deaths_UnitedStates,
1671,6/16/2014,86,Deaths_UnitedStates,
1672,6/10/2014,80,Deaths_UnitedStates,
1673,6/5/2014,75,Deaths_UnitedStates,
1674,6/3/2014,73,Deaths_UnitedStates,
1675,6/1/2014,71,Deaths_UnitedStates,
1676,5/28/2014,67,Deaths_UnitedStates,
1677,5/27/2014,66,Deaths_UnitedStates,
1678,5/23/2014,62,Deaths_UnitedStates,
1679,5/12/2014,51,Deaths_UnitedStates,
1680,5/10/2014,49,Deaths_UnitedStates,
1681,5/7/2014,46,Deaths_UnitedStates,
1682,5/5/2014,44,Deaths_UnitedStates,
1683,5/3/2014,42,Deaths_UnitedStates,
1684,5/1/2014,40,Deaths_UnitedStates,
1685,4/26/2014,35,Deaths_UnitedStates,
1686,4/24/2014,33,Deaths_UnitedStates,
1687,4/23/2014,32,Deaths_UnitedStates,
1688,4/22/2014,31,Deaths_UnitedStates,
1689,4/21/2014,30,Deaths_UnitedStates,
1690,4/20/2014,29,Deaths_UnitedStates,
1691,4/17/2014,26,Deaths_UnitedStates,
1692,4/16/2014,25,Deaths_UnitedStates,
1693,4/15/2014,24,Deaths_UnitedStates,
1694,4/14/2014,23,Deaths_UnitedStates,
1695,4/11/2014,20,Deaths_UnitedStates,
1696,4/9/2014,18,Deaths_UnitedStates,
1697,4/7/2014,16,Deaths_UnitedStates,
1698,4/4/2014,13,Deaths_UnitedStates,
1699,4/1/2014,10,Deaths_UnitedStates,
1700,3/31/2014,9,Deaths_UnitedStates,
1701,3/29/2014,7,Deaths_UnitedStates,
1702,3/28/2014,6,Deaths_UnitedStates,
1703,3/27/2014,5,Deaths_UnitedStates,
1704,3/26/2014,4,Deaths_UnitedStates,
1705,3/25/2014,3,Deaths_UnitedStates,
1706,3/24/2014,2,Deaths_UnitedStates,
1707,3/22/2014,0,Deaths_UnitedStates,
1708,1/5/2015,289,Deaths_Spain,
1709,1/4/2015,288,Deaths_Spain,
1710,1/3/2015,287,Deaths_Spain,
1711,1/2/2015,286,Deaths_Spain,
1712,12/31/2014,284,Deaths_Spain,
1713,12/28/2014,281,Deaths_Spain,
1714,12/27/2014,280,Deaths_Spain,
1715,12/24/2014,277,Deaths_Spain,
1716,12/21/2014,273,Deaths_Spain,
1717,12/20/2014,272,Deaths_Spain,
1718,12/18/2014,271,Deaths_Spain,
1719,12/14/2014,267,Deaths_Spain,
1720,12/9/2014,262,Deaths_Spain,
1721,12/7/2014,260,Deaths_Spain,0.0
1722,12/3/2014,256,Deaths_Spain,
1723,11/30/2014,253,Deaths_Spain,0.0
1724,11/28/2014,251,Deaths_Spain,
1725,11/23/2014,246,Deaths_Spain,0.0
1726,11/22/2014,245,Deaths_Spain,
1727,11/18/2014,241,Deaths_Spain,0.0
1728,11/16/2014,239,Deaths_Spain,0.0
1729,11/15/2014,238,Deaths_Spain,
1730,11/11/2014,234,Deaths_Spain,0.0
1731,11/10/2014,233,Deaths_Spain,
1732,11/9/2014,232,Deaths_Spain,0.0
1733,11/8/2014,231,Deaths_Spain,
1734,11/4/2014,227,Deaths_Spain,0.0
1735,11/3/2014,226,Deaths_Spain,
1736,11/2/2014,225,Deaths_Spain,0.0
1737,10/31/2014,222,Deaths_Spain,
1738,10/29/2014,220,Deaths_Spain,0.0
1739,10/27/2014,218,Deaths_Spain,0.0
1740,10/25/2014,216,Deaths_Spain,
1741,10/22/2014,214,Deaths_Spain,0.0
1742,10/21/2014,213,Deaths_Spain,
1743,10/19/2014,211,Deaths_Spain,0.0
1744,10/18/2014,210,Deaths_Spain,
1745,10/14/2014,206,Deaths_Spain,1.0
1746,10/13/2014,205,Deaths_Spain,
1747,10/12/2014,204,Deaths_Spain,1.0
1748,10/11/2014,203,Deaths_Spain,
1749,10/8/2014,200,Deaths_Spain,1.0
1750,10/7/2014,199,Deaths_Spain,
1751,10/5/2014,197,Deaths_Spain,
1752,10/4/2014,196,Deaths_Spain,
1753,10/1/2014,193,Deaths_Spain,
1754,9/28/2014,190,Deaths_Spain,
1755,9/23/2014,185,Deaths_Spain,
1756,9/21/2014,183,Deaths_Spain,
1757,9/20/2014,182,Deaths_Spain,
1758,9/19/2014,181,Deaths_Spain,
1759,9/17/2014,179,Deaths_Spain,
1760,9/14/2014,176,Deaths_Spain,
1761,9/13/2014,175,Deaths_Spain,
1762,9/10/2014,172,Deaths_Spain,
1763,9/9/2014,171,Deaths_Spain,
1764,9/7/2014,169,Deaths_Spain,
1765,9/5/2014,167,Deaths_Spain,
1766,8/31/2014,162,Deaths_Spain,
1767,8/26/2014,157,Deaths_Spain,
1768,8/20/2014,151,Deaths_Spain,
1769,8/18/2014,149,Deaths_Spain,
1770,8/16/2014,147,Deaths_Spain,
1771,8/13/2014,144,Deaths_Spain,
1772,8/11/2014,142,Deaths_Spain,
1773,8/9/2014,140,Deaths_Spain,
1774,8/6/2014,137,Deaths_Spain,
1775,8/4/2014,135,Deaths_Spain,
1776,8/1/2014,132,Deaths_Spain,
1777,7/30/2014,129,Deaths_Spain,
1778,7/27/2014,126,Deaths_Spain,
1779,7/23/2014,123,Deaths_Spain,
1780,7/20/2014,120,Deaths_Spain,
1781,7/17/2014,117,Deaths_Spain,
1782,7/14/2014,114,Deaths_Spain,
1783,7/12/2014,112,Deaths_Spain,
1784,7/8/2014,108,Deaths_Spain,
1785,7/6/2014,106,Deaths_Spain,
1786,7/2/2014,102,Deaths_Spain,
1787,6/30/2014,100,Deaths_Spain,
1788,6/22/2014,92,Deaths_Spain,
1789,6/20/2014,90,Deaths_Spain,
1790,6/19/2014,89,Deaths_Spain,
1791,6/18/2014,88,Deaths_Spain,
1792,6/17/2014,87,Deaths_Spain,
1793,6/16/2014,86,Deaths_Spain,
1794,6/10/2014,80,Deaths_Spain,
1795,6/5/2014,75,Deaths_Spain,
1796,6/3/2014,73,Deaths_Spain,
1797,6/1/2014,71,Deaths_Spain,
1798,5/28/2014,67,Deaths_Spain,
1799,5/27/2014,66,Deaths_Spain,
1800,5/23/2014,62,Deaths_Spain,
1801,5/12/2014,51,Deaths_Spain,
1802,5/10/2014,49,Deaths_Spain,
1803,5/7/2014,46,Deaths_Spain,
1804,5/5/2014,44,Deaths_Spain,
1805,5/3/2014,42,Deaths_Spain,
1806,5/1/2014,40,Deaths_Spain,
1807,4/26/2014,35,Deaths_Spain,
1808,4/24/2014,33,Deaths_Spain,
1809,4/23/2014,32,Deaths_Spain,
1810,4/22/2014,31,Deaths_Spain,
1811,4/21/2014,30,Deaths_Spain,
1812,4/20/2014,29,Deaths_Spain,
1813,4/17/2014,26,Deaths_Spain,
1814,4/16/2014,25,Deaths_Spain,
1815,4/15/2014,24,Deaths_Spain,
1816,4/14/2014,23,Deaths_Spain,
1817,4/11/2014,20,Deaths_Spain,
1818,4/9/2014,18,Deaths_Spain,
1819,4/7/2014,16,Deaths_Spain,
1820,4/4/2014,13,Deaths_Spain,
1821,4/1/2014,10,Deaths_Spain,
1822,3/31/2014,9,Deaths_Spain,
1823,3/29/2014,7,Deaths_Spain,
1824,3/28/2014,6,Deaths_Spain,
1825,3/27/2014,5,Deaths_Spain,
1826,3/26/2014,4,Deaths_Spain,
1827,3/25/2014,3,Deaths_Spain,
1828,3/24/2014,2,Deaths_Spain,
1829,3/22/2014,0,Deaths_Spain,
1830,1/5/2015,289,Deaths_Mali,
1831,1/4/2015,288,Deaths_Mali,
1832,1/3/2015,287,Deaths_Mali,
1833,1/2/2015,286,Deaths_Mali,
1834,12/31/2014,284,Deaths_Mali,
1835,12/28/2014,281,Deaths_Mali,
1836,12/27/2014,280,Deaths_Mali,
1837,12/24/2014,277,Deaths_Mali,
1838,12/21/2014,273,Deaths_Mali,
1839,12/20/2014,272,Deaths_Mali,
1840,12/18/2014,271,Deaths_Mali,
1841,12/14/2014,267,Deaths_Mali,
1842,12/9/2014,262,Deaths_Mali,
1843,12/7/2014,260,Deaths_Mali,6.0
1844,12/3/2014,256,Deaths_Mali,
1845,11/30/2014,253,Deaths_Mali,6.0
1846,11/28/2014,251,Deaths_Mali,
1847,11/23/2014,246,Deaths_Mali,6.0
1848,11/22/2014,245,Deaths_Mali,
1849,11/18/2014,241,Deaths_Mali,6.0
1850,11/16/2014,239,Deaths_Mali,5.0
1851,11/15/2014,238,Deaths_Mali,
1852,11/11/2014,234,Deaths_Mali,3.0
1853,11/10/2014,233,Deaths_Mali,
1854,11/9/2014,232,Deaths_Mali,1.0
1855,11/8/2014,231,Deaths_Mali,
1856,11/4/2014,227,Deaths_Mali,1.0
1857,11/3/2014,226,Deaths_Mali,
1858,11/2/2014,225,Deaths_Mali,1.0
1859,10/31/2014,222,Deaths_Mali,
1860,10/29/2014,220,Deaths_Mali,1.0
1861,10/27/2014,218,Deaths_Mali,1.0
1862,10/25/2014,216,Deaths_Mali,
1863,10/22/2014,214,Deaths_Mali,1.0
1864,10/21/2014,213,Deaths_Mali,
1865,10/19/2014,211,Deaths_Mali,
1866,10/18/2014,210,Deaths_Mali,
1867,10/14/2014,206,Deaths_Mali,
1868,10/13/2014,205,Deaths_Mali,
1869,10/12/2014,204,Deaths_Mali,
1870,10/11/2014,203,Deaths_Mali,
1871,10/8/2014,200,Deaths_Mali,
1872,10/7/2014,199,Deaths_Mali,
1873,10/5/2014,197,Deaths_Mali,
1874,10/4/2014,196,Deaths_Mali,
1875,10/1/2014,193,Deaths_Mali,
1876,9/28/2014,190,Deaths_Mali,
1877,9/23/2014,185,Deaths_Mali,
1878,9/21/2014,183,Deaths_Mali,
1879,9/20/2014,182,Deaths_Mali,
1880,9/19/2014,181,Deaths_Mali,
1881,9/17/2014,179,Deaths_Mali,
1882,9/14/2014,176,Deaths_Mali,
1883,9/13/2014,175,Deaths_Mali,
1884,9/10/2014,172,Deaths_Mali,
1885,9/9/2014,171,Deaths_Mali,
1886,9/7/2014,169,Deaths_Mali,
1887,9/5/2014,167,Deaths_Mali,
1888,8/31/2014,162,Deaths_Mali,
1889,8/26/2014,157,Deaths_Mali,
1890,8/20/2014,151,Deaths_Mali,
1891,8/18/2014,149,Deaths_Mali,
1892,8/16/2014,147,Deaths_Mali,
1893,8/13/2014,144,Deaths_Mali,
1894,8/11/2014,142,Deaths_Mali,
1895,8/9/2014,140,Deaths_Mali,
1896,8/6/2014,137,Deaths_Mali,
1897,8/4/2014,135,Deaths_Mali,
1898,8/1/2014,132,Deaths_Mali,
1899,7/30/2014,129,Deaths_Mali,
1900,7/27/2014,126,Deaths_Mali,
1901,7/23/2014,123,Deaths_Mali,
1902,7/20/2014,120,Deaths_Mali,
1903,7/17/2014,117,Deaths_Mali,
1904,7/14/2014,114,Deaths_Mali,
1905,7/12/2014,112,Deaths_Mali,
1906,7/8/2014,108,Deaths_Mali,
1907,7/6/2014,106,Deaths_Mali,
1908,7/2/2014,102,Deaths_Mali,
1909,6/30/2014,100,Deaths_Mali,
1910,6/22/2014,92,Deaths_Mali,
1911,6/20/2014,90,Deaths_Mali,
1912,6/19/2014,89,Deaths_Mali,
1913,6/18/2014,88,Deaths_Mali,
1914,6/17/2014,87,Deaths_Mali,
1915,6/16/2014,86,Deaths_Mali,
1916,6/10/2014,80,Deaths_Mali,
1917,6/5/2014,75,Deaths_Mali,
1918,6/3/2014,73,Deaths_Mali,
1919,6/1/2014,71,Deaths_Mali,
1920,5/28/2014,67,Deaths_Mali,
1921,5/27/2014,66,Deaths_Mali,
1922,5/23/2014,62,Deaths_Mali,
1923,5/12/2014,51,Deaths_Mali,
1924,5/10/2014,49,Deaths_Mali,
1925,5/7/2014,46,Deaths_Mali,
1926,5/5/2014,44,Deaths_Mali,
1927,5/3/2014,42,Deaths_Mali,
1928,5/1/2014,40,Deaths_Mali,
1929,4/26/2014,35,Deaths_Mali,
1930,4/24/2014,33,Deaths_Mali,
1931,4/23/2014,32,Deaths_Mali,
1932,4/22/2014,31,Deaths_Mali,
1933,4/21/2014,30,Deaths_Mali,
1934,4/20/2014,29,Deaths_Mali,
1935,4/17/2014,26,Deaths_Mali,
1936,4/16/2014,25,Deaths_Mali,
1937,4/15/2014,24,Deaths_Mali,
1938,4/14/2014,23,Deaths_Mali,
1939,4/11/2014,20,Deaths_Mali,
1940,4/9/2014,18,Deaths_Mali,
1941,4/7/2014,16,Deaths_Mali,
1942,4/4/2014,13,Deaths_Mali,
1943,4/1/2014,10,Deaths_Mali,
1944,3/31/2014,9,Deaths_Mali,
1945,3/29/2014,7,Deaths_Mali,
1946,3/28/2014,6,Deaths_Mali,
1947,3/27/2014,5,Deaths_Mali,
1948,3/26/2014,4,Deaths_Mali,
1949,3/25/2014,3,Deaths_Mali,
1950,3/24/2014,2,Deaths_Mali,
1951,3/22/2014,0,Deaths_Mali,